OBS., TOWN#, TRACT, LON, LAT, MEDV, CMEDV, CRIM, ZN, INDUS, CHAS, NOX, RM, AGE, DIS, RAD, TAX, PTRATIO, B, LSTAT
1902, 1, 2021, -70.950000, 42.287500, 21.6, 21.6, 0.02731, 0.0, 7.07, 0, 0.469, 6.421, 78.9, 4.9671, 2, 242, 17.8, 396.90, 9.14
1903, 1, 2022, -70.936000, 42.283000, 34.7, 34.7, 0.02729, 0.0, 7.07, 0, 0.469, 7.185, 61.1, 4.9671, 2, 242, 17.8, 392.83, 4.03
1904, 2, 2031, -70.928000, 42.293000, 33.4, 33.4, 0.03237, 0.0, 2.18, 0, 0.458, 6.998, 45.8, 6.0622, 3, 222, 18.7, 394.63, 2.94
1905, 2, 2032, -70.922000, 42.298000, 36.2, 36.2, 0.06905, 0.0, 2.18, 0, 0.458, 7.147, 54.2, 6.0622, 3, 222, 18.7, 396.90, 5.33
1906, 2, 2033, -70.916500, 42.304000, 28.7, 28.7, 0.02985, 0.0, 2.18, 0, 0.458, 6.430, 58.7, 6.0622, 3, 222, 18.7, 394.12, 5.21
1907, 3, 2041, -70.936000, 42.297000, 22.9, 22.9, 0.08829, 12.5, 7.87, 0, 0.524, 6.012, 66.6, 5.5605, 5, 311, 15.2, 395.60, 12.43
1908, 3, 2042, -70.937500, 42.310000, 27.1, 22.1, 0.14455, 12.5, 7.87, 0, 0.524, 6.172, 96.1, 5.9505, 5, 311, 15.2, 396.90, 19.15
1909, 3, 2043, -70.933000, 42.312000, 16.5, 16.5, 0.21124, 12.5, 7.87, 0, 0.524, 5.631, 100.0, 6.0821, 5, 311, 15.2, 386.63, 29.93
1910, 3, 2044, -70.929000, 42.316000, 18.9, 18.9, 0.17004, 12.5, 7.87, 0, 0.524, 6.004, 85.9, 6.5921, 5, 311, 15.2, 386.71, 17.10
1911, 3, 2045, -70.935000, 42.316000, 15.0, 15.0, 0.22489, 12.5, 7.87, 0, 0.524, 6.377, 94.3, 6.3467, 5, 311, 15.2, 392.52, 20.45
1912, 3, 2046, -70.944000, 42.317000, 18.9, 18.9, 0.11747, 12.5, 7.87, 0, 0.524, 6.009, 82.9, 6.2267, 5, 311, 15.2, 396.90, 13.27
1913, 3, 2047, -70.951000, 42.306000, 21.7, 21.7, 0.09378, 12.5, 7.87, 0, 0.524, 5.889, 39.0, 5.4509, 5, 311, 15.2, 390.50, 15.71
1914, 4, 2051, -70.964500, 42.292000, 20.4, 20.4, 0.62976, 0.0, 8.14, 0, 0.538, 5.949, 61.8, 4.7075, 4, 307, 21.0, 396.90, 8.26
1915, 4, 2052, -70.972000, 42.287000, 18.2, 18.2, 0.63796, 0.0, 8.14, 0, 0.538, 6.096, 84.5, 4.4619, 4, 307, 21.0, 380.02, 10.26
1916, 4, 2053, -70.976500, 42.294000, 19.9, 19.9, 0.62739, 0.0, 8.14, 0, 0.538, 5.834, 56.5, 4.4986, 4, 307, 21.0, 395.62, 8.47
1917, 4, 2054, -70.987000, 42.298500, 23.1, 23.1, 1.05393, 0.0, 8.14, 0, 0.538, 5.935, 29.3, 4.4986, 4, 307, 21.0, 386.85, 6.58
1918, 4, 2055, -70.978000, 42.285000, 17.5, 17.5, 0.78420, 0.0, 8.14, 0, 0.538, 5.990, 81.7, 4.2579, 4, 307, 21.0, 386.75, 14.67
1919, 4, 2056, -70.992500, 42.282500, 20.2, 20.2, 0.80271, 0.0, 8.14, 0, 0.538, 5.456, 36.6, 3.7965, 4, 307, 21.0, 288.99, 11.69
1920, 4, 2057, -70.988000, 42.277600, 18.2, 18.2, 0.72580, 0.0, 8.14, 0, 0.538, 5.727, 69.5, 3.7965, 4, 307, 21.0, 390.95, 11.28
1921, 4, 2058, -70.983500, 42.277000, 13.6, 13.6, 1.25179, 0.0, 8.14, 0, 0.538, 5.570, 98.1, 3.7979, 4, 307, 21.0, 376.57, 21.02
1922, 4, 2059, -70.982000, 42.281000, 19.6, 19.6, 0.85204, 0.0, 8.14, 0, 0.538, 5.965, 89.2, 4.0123, 4, 307, 21.0, 392.53, 13.83
1923, 4, 2060, -70.977500, 42.279000, 15.2, 15.2, 1.23247, 0.0, 8.14, 0, 0.538, 6.142, 91.7, 3.9769, 4, 307, 21.0, 396.90, 18.72
1924, 4, 2061, -70.973000, 42.279000, 14.5, 14.5, 0.98843, 0.0, 8.14, 0, 0.538, 5.813, 100.0, 4.0952, 4, 307, 21.0, 394.54, 19.88
1925, 4, 2062, -70.969300, 42.281600, 15.6, 15.6, 0.75026, 0.0, 8.14, 0, 0.538, 5.924, 94.1, 4.3996, 4, 307, 21.0, 394.33, 16.30
1926, 4, 2063, -70.964000, 42.284000, 13.9, 13.9, 0.84054, 0.0, 8.14, 0, 0.538, 5.599, 85.7, 4.4546, 4, 307, 21.0, 303.42, 16.51
1927, 4, 2064, -70.959700, 42.287000, 16.6, 16.6, 0.67191, 0.0, 8.14, 0, 0.538, 5.813, 90.3, 4.6820, 4, 307, 21.0, 376.88, 14.81
1928, 4, 2065, -70.959700, 42.282500, 14.8, 14.8, 0.95577, 0.0, 8.14, 0, 0.538, 6.047, 88.8, 4.4534, 4, 307, 21.0, 306.38, 17.28
1929, 4, 2066, -70.957000, 42.280000, 18.4, 18.4, 0.77299, 0.0, 8.14, 0, 0.538, 6.495, 94.4, 4.4547, 4, 307, 21.0, 387.94, 12.80
1930, 4, 2067, -70.951000, 42.278000, 21.0, 21.0, 1.00245, 0.0, 8.14, 0, 0.538, 6.674, 87.3, 4.2390, 4, 307, 21.0, 380.23, 11.98
1931, 4, 2068, -70.967000, 42.279000, 12.7, 12.7, 1.13081, 0.0, 8.14, 0, 0.538, 5.713, 94.1, 4.2330, 4, 307, 21.0, 360.17, 22.60
1932, 4, 2069, -70.964000, 42.276500, 14.5, 14.5, 1.35472, 0.0, 8.14, 0, 0.538, 6.072, 100.0, 4.1750, 4, 307, 21.0, 376.73, 13.04
1933, 4, 2070, -70.972000, 42.276500, 13.2, 13.2, 1.38799, 0.0, 8.14, 0, 0.538, 5.950, 82.0, 3.9900, 4, 307, 21.0, 232.60, 27.71
1934, 4, 2071, -70.979500, 42.276000, 13.1, 13.1, 1.15172, 0.0, 8.14, 0, 0.538, 5.701, 95.0, 3.7872, 4, 307, 21.0, 358.77, 18.35
1935, 4, 2072, -70.977500, 42.272000, 13.5, 13.5, 1.61282, 0.0, 8.14, 0, 0.538, 6.096, 96.9, 3.7598, 4, 307, 21.0, 248.31, 20.34
1936, 5, 2081, -71.000000, 42.270000, 18.9, 18.9, 0.06417, 0.0, 5.96, 0, 0.499, 5.933, 68.2, 3.3603, 5, 279, 19.2, 396.90, 9.68
1937, 5, 2082, -71.008000, 42.274500, 20.0, 20.0, 0.09744, 0.0, 5.96, 0, 0.499, 5.841, 61.4, 3.3779, 5, 279, 19.2, 377.56, 11.41
1938, 5, 2083, -71.004000, 42.286500, 21.0, 21.0, 0.08014, 0.0, 5.96, 0, 0.499, 5.850, 41.5, 3.9342, 5, 279, 19.2, 396.90, 8.77
1939, 5, 2084, -71.020000, 42.287500, 24.7, 24.2, 0.17505, 0.0, 5.96, 0, 0.499, 5.966, 30.2, 3.8473, 5, 279, 19.2, 393.43, 10.13
1940, 6, 2091, -71.013000, 42.313000, 30.8, 30.8, 0.02763, 75.0, 2.95, 0, 0.428, 6.595, 21.8, 5.4011, 3, 252, 18.3, 395.63, 4.32
1941, 6, 2092, -71.030000, 42.324000, 34.9, 34.9, 0.03359, 75.0, 2.95, 0, 0.428, 7.024, 15.8, 5.4011, 3, 252, 18.3, 395.62, 1.98
1942, 7, 2101, -71.004000, 42.335000, 26.6, 26.6, 0.12744, 0.0, 6.91, 0, 0.448, 6.770, 2.9, 5.7209, 3, 233, 17.9, 385.41, 4.84
1943, 7, 2102, -71.003000, 42.323500, 25.3, 25.3, 0.14150, 0.0, 6.91, 0, 0.448, 6.169, 6.6, 5.7209, 3, 233, 17.9, 383.37, 5.81
1944, 7, 2103, -70.977500, 42.323700, 24.7, 24.7, 0.15936, 0.0, 6.91, 0, 0.448, 6.211, 6.5, 5.7209, 3, 233, 17.9, 394.46, 7.44
1945, 7, 2104, -70.967500, 42.317000, 21.2, 21.2, 0.12269, 0.0, 6.91, 0, 0.448, 6.069, 40.0, 5.7209, 3, 233, 17.9, 389.39, 9.55
1946, 7, 2105, -70.972500, 42.307500, 19.3, 19.3, 0.17142, 0.0, 6.91, 0, 0.448, 5.682, 33.8, 5.1004, 3, 233, 17.9, 396.90, 10.21
1947, 7, 2106, -70.965000, 42.307500, 20.0, 20.0, 0.18836, 0.0, 6.91, 0, 0.448, 5.786, 33.3, 5.1004, 3, 233, 17.9, 396.90, 14.15
1948, 7, 2107, -70.956000, 42.312500, 16.6, 16.6, 0.22927, 0.0, 6.91, 0, 0.448, 6.030, 85.5, 5.6894, 3, 233, 17.9, 392.74, 18.80
1949, 7, 2108, -70.955000, 42.316500, 14.4, 14.4, 0.25387, 0.0, 6.91, 0, 0.448, 5.399, 95.3, 5.8700, 3, 233, 17.9, 396.90, 30.81
1950, 7, 2109, -70.952500, 42.320800, 19.4, 19.4, 0.21977, 0.0, 6.91, 0, 0.448, 5.602, 62.0, 6.0877, 3, 233, 17.9, 396.90, 16.20
1951, 8, 2111, -70.951000, 42.334000, 19.7, 19.7, 0.08873, 21.0, 5.64, 0, 0.439, 5.963, 45.7, 6.8147, 4, 243, 16.8, 395.56, 13.45
1952, 8, 2112, -70.963000, 42.338200, 20.5, 20.5, 0.04337, 21.0, 5.64, 0, 0.439, 6.115, 63.0, 6.8147, 4, 243, 16.8, 393.97, 9.43
1953, 8, 2113, -70.958000, 42.346000, 25.0, 25.0, 0.05360, 21.0, 5.64, 0, 0.439, 6.511, 21.1, 6.8147, 4, 243, 16.8, 396.90, 5.28
1954, 8, 2114, -70.978000, 42.342500, 23.4, 23.4, 0.04981, 21.0, 5.64, 0, 0.439, 5.998, 21.4, 6.8147, 4, 243, 16.8, 396.90, 8.43
1955, 9, 2121, -71.017500, 42.371500, 18.9, 18.9, 0.01360, 75.0, 4, 0, 0.41, 5.888, 47.6, 7.3197, 3, 469, 21.1, 396.90, 14.80
1956, 10, 2141, -70.962500, 42.381000, 35.4, 35.4, 0.01311, 90.0, 1.22, 0, 0.403, 7.249, 21.9, 8.6966, 5, 226, 17.9, 395.93, 4.81
1957, 11, 2151, -70.930000, 42.374000, 24.7, 24.7, 0.02055, 85.0, 0.74, 0, 0.41, 6.383, 35.7, 9.1876, 2, 313, 17.3, 396.90, 5.77
1958, 12, 2161, -70.929500, 42.371500, 31.6, 31.6, 0.01432, 100.0, 1.32, 0, 0.411, 6.816, 40.5, 8.3248, 5, 256, 15.1, 392.90, 3.95
1959, 13, 2171, -70.938500, 42.346000, 23.3, 23.3, 0.15445, 25.0, 5.13, 0, 0.453, 6.145, 29.2, 7.8148, 8, 284, 19.7, 390.68, 6.86
1960, 13, 2172, -70.940000, 42.332000, 19.6, 19.6, 0.10328, 25.0, 5.13, 0, 0.453, 5.927, 47.2, 6.9320, 8, 284, 19.7, 396.90, 9.22
1961, 13, 2173, -70.930000, 42.337000, 18.7, 18.7, 0.14932, 25.0, 5.13, 0, 0.453, 5.741, 66.2, 7.2254, 8, 284, 19.7, 395.11, 13.15
1962, 13, 2174, -70.930000, 42.327500, 16.0, 16.0, 0.17171, 25.0, 5.13, 0, 0.453, 5.966, 93.4, 6.8185, 8, 284, 19.7, 378.08, 14.44
1963, 13, 2175, -70.921500, 42.332000, 22.2, 22.2, 0.11027, 25.0, 5.13, 0, 0.453, 6.456, 67.8, 7.2255, 8, 284, 19.7, 396.90, 6.73
1964, 13, 2176, -70.907500, 42.339000, 25.0, 25.0, 0.12650, 25.0, 5.13, 0, 0.453, 6.762, 43.4, 7.9809, 8, 284, 19.7, 395.58, 9.50
1965, 14, 2181, -70.860000, 42.345000, 33.0, 33.0, 0.01951, 17.5, 1.38, 0, 0.4161, 7.104, 59.5, 9.2229, 3, 216, 18.6, 393.24, 8.05
1966, Reading, 15, 3301, -71.045000, 42.345000, 23.5, 23.5, 0.03584, 80.0, 3.37, 0, 0.398, 6.290, 17.8, 6.6115, 4, 337, 16.1, 396.90, 4.67
1967, Reading, 15, 3302, -71.069000, 42.352500, 19.4, 19.4, 0.04379, 80.0, 3.37, 0, 0.398, 5.787, 31.1, 6.6115, 4, 337, 16.1, 396.90, 10.24
1968, 16, 3311, -71.090000, 42.336200, 22.0, 22.0, 0.05789, 12.5, 6.07, 0, 0.409, 5.878, 21.4, 6.4980, 4, 345, 18.9, 396.21, 8.10
1969, 16, 3312, -71.108000, 42.340000, 17.4, 17.4, 0.13554, 12.5, 6.07, 0, 0.409, 5.594, 36.8, 6.4980, 4, 345, 18.9, 396.90, 13.09
1970, 16, 3313, -71.111000, 42.327000, 20.9, 20.9, 0.12816, 12.5, 6.07, 0, 0.409, 5.885, 33.0, 6.4980, 4, 345, 18.9, 396.90, 8.79
1971, 17, 3321, -71.121000, 42.316000, 24.2, 24.2, 0.08826, 0.0, 10.81, 0, 0.413, 6.417, 6.6, 5.2873, 4, 305, 19.2, 383.73, 6.72
1972, 17, 3322, -71.109500, 42.300800, 21.7, 21.7, 0.15876, 0.0, 10.81, 0, 0.413, 5.961, 17.5, 5.2873, 4, 305, 19.2, 376.94, 9.88
1973, 17, 3323, -71.130000, 42.305000, 22.8, 22.8, 0.09164, 0.0, 10.81, 0, 0.413, 6.065, 7.8, 5.2873, 4, 305, 19.2, 390.91, 5.52
1974, 17, 3324, -71.123000, 42.292000, 23.4, 23.4, 0.19539, 0.0, 10.81, 0, 0.413, 6.245, 6.2, 5.2873, 4, 305, 19.2, 377.17, 7.54
1975, 18, 3331, -71.110500, 42.289000, 24.1, 24.1, 0.07896, 0.0, 12.83, 0, 0.437, 6.273, 6.0, 4.2515, 5, 398, 18.7, 394.92, 6.78
1976, 18, 3332, -71.100000, 42.287500, 21.4, 21.4, 0.09512, 0.0, 12.83, 0, 0.437, 6.286, 45.0, 4.5026, 5, 398, 18.7, 383.23, 8.94
1977, 18, 3333, -71.090000, 42.283500, 20.0, 20.0, 0.10153, 0.0, 12.83, 0, 0.437, 6.279, 74.5, 4.0522, 5, 398, 18.7, 373.66, 11.97
1978, 18, 3334, -71.076000, 42.289500, 20.8, 20.8, 0.08707, 0.0, 12.83, 0, 0.437, 6.140, 45.8, 4.0905, 5, 398, 18.7, 386.96, 10.27
1979, 18, 3335, -71.090500, 42.295000, 21.2, 21.2, 0.05646, 0.0, 12.83, 0, 0.437, 6.232, 53.7, 5.0141, 5, 398, 18.7, 386.40, 12.34
1980, 18, 3336, -71.091000, 42.305000, 20.3, 20.3, 0.08387, 0.0, 12.83, 0, 0.437, 5.874, 36.6, 4.5026, 5, 398, 18.7, 396.06, 9.10
1981, 19, 3341, -71.068500, 42.308000, 28.0, 28.0, 0.04113, 25.0, 4.86, 0, 0.426, 6.727, 33.5, 5.4007, 4, 281, 19.0, 396.90, 5.29
1982, 19, 3342, -71.069000, 42.315000, 23.9, 23.9, 0.04462, 25.0, 4.86, 0, 0.426, 6.619, 70.4, 5.4007, 4, 281, 19.0, 395.63, 7.22
1983, 19, 3343, -71.067500, 42.326000, 24.8, 24.8, 0.03659, 25.0, 4.86, 0, 0.426, 6.302, 32.2, 5.4007, 4, 281, 19.0, 396.90, 6.72
1984, 19, 3344, -71.057500, 42.317000, 22.9, 22.9, 0.03551, 25.0, 4.86, 0, 0.426, 6.167, 46.7, 5.4007, 4, 281, 19.0, 390.64, 7.51
1985, 20, 3351, -71.043000, 42.307500, 23.9, 23.9, 0.05059, 0.0, 4.49, 0, 0.449, 6.389, 48.0, 4.7794, 3, 247, 18.5, 396.90, 9.62
1986, 20, 3352, -71.050000, 42.300000, 26.6, 26.6, 0.05735, 0.0, 4.49, 0, 0.449, 6.630, 56.1, 4.4377, 3, 247, 18.5, 392.30, 6.53
1987, 20, 3353, -71.033000, 42.305000, 22.5, 22.5, 0.05188, 0.0, 4.49, 0, 0.449, 6.015, 45.1, 4.4272, 3, 247, 18.5, 395.99, 12.86
1988, 20, 3354, -71.039000, 42.288500, 22.2, 22.2, 0.07151, 0.0, 4.49, 0, 0.449, 6.121, 56.8, 3.7476, 3, 247, 18.5, 395.15, 8.44
1989, 21, 3361, -71.042000, 42.279600, 23.6, 23.6, 0.05660, 0.0, 3.41, 0, 0.489, 7.007, 86.3, 3.4217, 2, 270, 17.8, 396.90, 5.50
1990, 21, 3362, -71.034500, 42.278500, 28.7, 28.7, 0.05302, 0.0, 3.41, 0, 0.489, 7.079, 63.1, 3.4145, 2, 270, 17.8, 396.06, 5.70
1991, 21, 3363, -71.030000, 42.272000, 22.6, 22.6, 0.04684, 0.0, 3.41, 0, 0.489, 6.417, 66.1, 3.0923, 2, 270, 17.8, 392.18, 8.81
1992, 21, 3364, -71.042500, 42.271500, 22.0, 22.0, 0.03932, 0.0, 3.41, 0, 0.489, 6.405, 73.9, 3.0921, 2, 270, 17.8, 393.55, 8.20
1993, 22, 3371, -71.053000, 42.283000, 22.9, 22.9, 0.04203, 28.0, 15.04, 0, 0.464, 6.442, 53.6, 3.6659, 4, 270, 18.2, 395.01, 8.16
1994, 22, 3372, -71.062000, 42.296000, 25.0, 25.0, 0.02875, 28.0, 15.04, 0, 0.464, 6.211, 28.9, 3.6659, 4, 270, 18.2, 396.33, 6.21
1995, 22, 3373, -71.061500, 42.284000, 20.6, 20.6, 0.04294, 28.0, 15.04, 0, 0.464, 6.249, 77.3, 3.6150, 4, 270, 18.2, 396.90, 10.59
1996, 23, 3381, -71.076000, 42.277500, 28.4, 28.4, 0.12204, 0.0, 2.89, 0, 0.445, 6.625, 57.8, 3.4952, 2, 276, 18.0, 357.98, 6.65
1997, 23, 3382, -71.085000, 42.277500, 21.4, 21.4, 0.11504, 0.0, 2.89, 0, 0.445, 6.163, 69.6, 3.4952, 2, 276, 18.0, 391.83, 11.34
1998, 23, 3383, -71.089000, 42.271500, 38.7, 38.7, 0.12083, 0.0, 2.89, 0, 0.445, 8.069, 76.0, 3.4952, 2, 276, 18.0, 396.90, 4.21
1999, 23, 3384, -71.098200, 42.268500, 43.8, 43.8, 0.08187, 0.0, 2.89, 0, 0.445, 7.820, 36.9, 3.4952, 2, 276, 18.0, 393.53, 3.57
2000, 23, 3385, -71.080000, 42.268000, 33.2, 33.2, 0.06860, 0.0, 2.89, 0, 0.445, 7.416, 62.5, 3.4952, 2, 276, 18.0, 396.90, 6.19
2001, 24, 3391, -71.066800, 42.254500, 27.5, 27.5, 0.14866, 0.0, 8.56, 0, 0.52, 6.727, 79.9, 2.7778, 5, 384, 20.9, 394.76, 9.42
2002, 24, 3392, -71.081000, 42.245000, 26.5, 26.5, 0.11432, 0.0, 8.56, 0, 0.52, 6.781, 71.3, 2.8561, 5, 384, 20.9, 395.58, 7.67
2003, 24, 3393, -71.081200, 42.251500, 18.6, 18.6, 0.22876, 0.0, 8.56, 0, 0.52, 6.405, 85.4, 2.7147, 5, 384, 20.9, 70.80, 10.63
2004, 24, 3394, -71.077000, 42.249000, 19.3, 19.3, 0.21161, 0.0, 8.56, 0, 0.52, 6.137, 87.4, 2.7147, 5, 384, 20.9, 394.47, 13.44
2005, 24, 3395, -71.069000, 42.248000, 20.1, 20.1, 0.13960, 0.0, 8.56, 0, 0.52, 6.167, 90.0, 2.4210, 5, 384, 20.9, 392.69, 12.33
2006, 24, 3396, -71.066200, 42.242500, 19.5, 19.5, 0.13262, 0.0, 8.56, 0, 0.52, 5.851, 96.7, 2.1069, 5, 384, 20.9, 394.05, 16.47
2007, 24, 3397, -71.062200, 42.243100, 19.5, 19.5, 0.17120, 0.0, 8.56, 0, 0.52, 5.836, 91.9, 2.2110, 5, 384, 20.9, 395.67, 18.66
2008, 24, 3398, -71.055300, 42.246500, 20.4, 20.4, 0.13117, 0.0, 8.56, 0, 0.52, 6.127, 85.2, 2.1224, 5, 384, 20.9, 387.69, 14.09
2009, 24, 3399, -71.055000, 42.250500, 19.8, 19.8, 0.12802, 0.0, 8.56, 0, 0.52, 6.474, 97.1, 2.4329, 5, 384, 20.9, 395.24, 12.27
2010, 24, 3400, -71.060000, 42.254000, 19.4, 19.4, 0.26363, 0.0, 8.56, 0, 0.52, 6.229, 91.2, 2.5451, 5, 384, 20.9, 391.23, 15.55
2011, 24, 3401, -71.056000, 42.260500, 21.7, 21.7, 0.10793, 0.0, 8.56, 0, 0.52, 6.195, 54.4, 2.7778, 5, 384, 20.9, 393.49, 13.00
2012, 25, 3411, -71.047500, 42.261000, 22.8, 22.8, 0.10084, 0.0, 10.01, 0, 0.547, 6.715, 81.6, 2.6775, 6, 432, 17.8, 395.59, 10.16
2013, 25, 3412, -71.049000, 42.253000, 18.8, 18.8, 0.12329, 0.0, 10.01, 0, 0.547, 5.913, 92.9, 2.3534, 6, 432, 17.8, 394.95, 16.21
2014, 25, 3413, -71.042800, 42.258000, 18.7, 18.7, 0.22212, 0.0, 10.01, 0, 0.547, 6.092, 95.4, 2.5480, 6, 432, 17.8, 396.90, 17.09
2015, 25, 3414, -71.039600, 42.251200, 18.5, 18.5, 0.14231, 0.0, 10.01, 0, 0.547, 6.254, 84.2, 2.2565, 6, 432, 17.8, 388.74, 10.45
2016, 25, 3415, -71.035500, 42.254500, 18.3, 18.3, 0.17134, 0.0, 10.01, 0, 0.547, 5.928, 88.2, 2.4631, 6, 432, 17.8, 344.91, 15.76
2017, 25, 3416, -71.036000, 42.260800, 21.2, 21.2, 0.13158, 0.0, 10.01, 0, 0.547, 6.176, 72.5, 2.7301, 6, 432, 17.8, 393.30, 12.04
2018, 25, 3417, -71.028500, 42.262000, 19.2, 19.2, 0.15098, 0.0, 10.01, 0, 0.547, 6.021, 82.6, 2.7474, 6, 432, 17.8, 394.51, 10.30
2019, 25, 3418, -71.028500, 42.258000, 20.4, 20.4, 0.13058, 0.0, 10.01, 0, 0.547, 5.872, 73.1, 2.4775, 6, 432, 17.8, 338.63, 15.37
2020, 25, 3419, -71.019000, 42.260500, 19.3, 19.3, 0.14476, 0.0, 10.01, 0, 0.547, 5.731, 65.2, 2.7592, 6, 432, 17.8, 391.50, 13.61
2021, 26, 3421, -71.024300, 42.248300, 22.0, 22.0, 0.06899, 0.0, 25.65, 0, 0.581, 5.870, 69.7, 2.2577, 2, 188, 19.1, 389.15, 14.37
2022, 26, 3422, -71.031200, 42.250500, 20.3, 20.3, 0.07165, 0.0, 25.65, 0, 0.581, 6.004, 84.1, 2.1974, 2, 188, 19.1, 377.67, 14.27
2023, 26, 3423, -71.037700, 42.247000, 20.5, 20.5, 0.09299, 0.0, 25.65, 0, 0.581, 5.961, 92.9, 2.0869, 2, 188, 19.1, 378.09, 17.93
2024, 26, 3424, -71.037000, 42.243500, 17.3, 17.3, 0.15038, 0.0, 25.65, 0, 0.581, 5.856, 97.0, 1.9444, 2, 188, 19.1, 370.31, 25.41
2025, 26, 3425, -71.030800, 42.245000, 18.8, 18.8, 0.09849, 0.0, 25.65, 0, 0.581, 5.879, 95.8, 2.0063, 2, 188, 19.1, 379.38, 17.58
2026, 26, 3426, -71.026200, 42.243100, 21.4, 21.4, 0.16902, 0.0, 25.65, 0, 0.581, 5.986, 88.4, 1.9929, 2, 188, 19.1, 385.02, 14.81
2027, 26, 3427, -71.033300, 42.239500, 15.7, 15.7, 0.38735, 0.0, 25.65, 0, 0.581, 5.613, 95.6, 1.7572, 2, 188, 19.1, 359.29, 27.26
2028, 27, 3501, -71.053000, 42.235500, 16.2, 16.2, 0.25915, 0.0, 21.89, 0, 0.624, 5.693, 96.0, 1.7883, 4, 437, 21.2, 392.11, 17.19
2029, 27, 3502, -71.058000, 42.235000, 18.0, 18.0, 0.32543, 0.0, 21.89, 0, 0.624, 6.431, 98.8, 1.8125, 4, 437, 21.2, 396.90, 15.39
2030, 27, 3503, -71.063800, 42.236800, 14.3, 14.3, 0.88125, 0.0, 21.89, 0, 0.624, 5.637, 94.7, 1.9799, 4, 437, 21.2, 396.90, 18.34
2031, 27, 3504, -71.069200, 42.239000, 19.2, 19.2, 0.34006, 0.0, 21.89, 0, 0.624, 6.458, 98.9, 2.1185, 4, 437, 21.2, 395.04, 12.60
2032, 27, 3505, -71.075000, 42.240000, 19.6, 19.6, 1.19294, 0.0, 21.89, 0, 0.624, 6.326, 97.7, 2.2710, 4, 437, 21.2, 396.90, 12.26
2033, 27, 3506, -71.074500, 42.240500, 23.0, 23.0, 0.59005, 0.0, 21.89, 0, 0.624, 6.372, 97.9, 2.3274, 4, 437, 21.2, 385.76, 11.12
2034, 27, 3507, -71.079000, 42.245000, 18.4, 18.4, 0.32982, 0.0, 21.89, 0, 0.624, 5.822, 95.4, 2.4699, 4, 437, 21.2, 388.69, 15.03
2035, 27, 3508, -71.076000, 42.240500, 15.6, 15.6, 0.97617, 0.0, 21.89, 0, 0.624, 5.757, 98.4, 2.3460, 4, 437, 21.2, 262.76, 17.31
2036, 27, 3509, -71.075000, 42.236200, 18.1, 18.1, 0.55778, 0.0, 21.89, 0, 0.624, 6.335, 98.2, 2.1107, 4, 437, 21.2, 394.67, 16.96
2037, 27, 3510, -71.067700, 42.233500, 17.4, 17.4, 0.32264, 0.0, 21.89, 0, 0.624, 5.942, 93.5, 1.9669, 4, 437, 21.2, 378.25, 16.90
2038, 27, 3511, -71.063000, 42.232500, 17.1, 17.1, 0.35233, 0.0, 21.89, 0, 0.624, 6.454, 98.4, 1.8498, 4, 437, 21.2, 394.08, 14.59
2039, 27, 3512, -71.062000, 42.227500, 13.3, 13.3, 0.24980, 0.0, 21.89, 0, 0.624, 5.857, 98.2, 1.6686, 4, 437, 21.2, 392.04, 21.32
2040, 27, 3513, -71.056800, 42.230000, 17.8, 17.8, 0.54452, 0.0, 21.89, 0, 0.624, 6.151, 97.9, 1.6687, 4, 437, 21.2, 396.90, 18.46
2041, 27, 3514, -71.051800, 42.231200, 14.0, 14.0, 0.29090, 0.0, 21.89, 0, 0.624, 6.174, 93.6, 1.6119, 4, 437, 21.2, 388.08, 24.16
2042, 27, 3515, -71.054300, 42.226500, 14.4, 14.4, 1.62864, 0.0, 21.89, 0, 0.624, 5.019, 100.0, 1.4394, 4, 437, 21.2, 396.90, 34.41
2043, 28, 3521, -71.048000, 42.222200, 13.4, 13.4, 3.32105, 0.0, 19.58, 1, 0.871, 5.403, 100.0, 1.3216, 5, 403, 14.7, 396.90, 26.82
2044, 28, 3522, -71.051900, 42.223000, 15.6, 15.6, 4.09740, 0.0, 19.58, 0, 0.871, 5.468, 100.0, 1.4118, 5, 403, 14.7, 396.90, 26.42
2045, 28, 3523, -71.051000, 42.220500, 11.8, 11.8, 2.77974, 0.0, 19.58, 0, 0.871, 4.903, 97.8, 1.3459, 5, 403, 14.7, 396.90, 29.29
2046, 28, 3524, -71.054000, 42.219000, 13.8, 13.8, 2.37934, 0.0, 19.58, 0, 0.871, 6.130, 100.0, 1.4191, 5, 403, 14.7, 172.91, 27.80
2047, 28, 3525, -71.059000, 42.221000, 15.6, 15.6, 2.15505, 0.0, 19.58, 0, 0.871, 5.628, 100.0, 1.5166, 5, 403, 14.7, 169.27, 16.65
2048, 28, 3526, -71.055500, 42.222200, 14.6, 14.6, 2.36862, 0.0, 19.58, 0, 0.871, 4.926, 95.7, 1.4608, 5, 403, 14.7, 391.71, 29.53
2049, 28, 3527, -71.056700, 42.224000, 17.8, 17.8, 2.33099, 0.0, 19.58, 0, 0.871, 5.186, 93.8, 1.5296, 5, 403, 14.7, 356.99, 28.32
2050, 28, 3528, -71.058000, 42.223000, 15.4, 15.4, 2.73397, 0.0, 19.58, 0, 0.871, 5.597, 94.9, 1.5257, 5, 403, 14.7, 351.85, 21.45
2051, 28, 3529, -71.062000, 42.223600, 21.5, 21.5, 1.65660, 0.0, 19.58, 0, 0.871, 6.122, 97.3, 1.6180, 5, 403, 14.7, 372.80, 14.10
2052, 28, 3530, -71.062200, 42.220500, 19.6, 19.6, 1.49632, 0.0, 19.58, 0, 0.871, 5.404, 100.0, 1.5916, 5, 403, 14.7, 341.60, 13.28
2053, 28, 3531, -71.059000, 42.217000, 15.3, 15.3, 1.12658, 0.0, 19.58, 1, 0.871, 5.012, 88.0, 1.6102, 5, 403, 14.7, 343.28, 12.12
2054, 28, 3532, -71.064500, 42.215000, 19.4, 19.4, 2.14918, 0.0, 19.58, 0, 0.871, 5.709, 98.5, 1.6232, 5, 403, 14.7, 261.95, 15.79
2055, 28, 3533, -71.066200, 42.216200, 17.0, 17.0, 1.41385, 0.0, 19.58, 1, 0.871, 6.129, 96.0, 1.7494, 5, 403, 14.7, 321.02, 15.12
2056, 28, 3534, -71.068000, 42.215000, 15.6, 15.6, 3.53501, 0.0, 19.58, 1, 0.871, 6.152, 82.6, 1.7455, 5, 403, 14.7, 88.01, 15.02
2057, 28, 3535, -71.066700, 42.220000, 13.1, 13.1, 2.44668, 0.0, 19.58, 0, 0.871, 5.272, 94.0, 1.7364, 5, 403, 14.7, 88.63, 16.14
2058, 28, 3536, -71.069000, 42.228500, 41.3, 41.3, 1.22358, 0.0, 19.58, 0, 0.605, 6.943, 97.4, 1.8773, 5, 403, 14.7, 363.43, 4.59
2059, 28, 3537, -71.067000, 42.224500, 24.3, 24.3, 1.34284, 0.0, 19.58, 0, 0.605, 6.066, 100.0, 1.7573, 5, 403, 14.7, 353.89, 6.43
2060, 28, 3538, -71.065000, 42.222300, 23.3, 23.3, 1.42502, 0.0, 19.58, 0, 0.871, 6.510, 100.0, 1.7659, 5, 403, 14.7, 364.31, 7.39
2061, 28, 3539, -71.070000, 42.221400, 27.0, 27.0, 1.27346, 0.0, 19.58, 1, 0.605, 6.250, 92.6, 1.7984, 5, 403, 14.7, 338.92, 5.50
2062, 28, 3540, -71.073500, 42.228200, 50.0, 50.0, 1.46336, 0.0, 19.58, 0, 0.605, 7.489, 90.8, 1.9709, 5, 403, 14.7, 374.43, 1.73
2063, 28, 3541, -71.077000, 42.225000, 50.0, 50.0, 1.83377, 0.0, 19.58, 1, 0.605, 7.802, 98.2, 2.0407, 5, 403, 14.7, 389.61, 1.92
2064, 28, 3542, -71.081500, 42.225000, 50.0, 50.0, 1.51902, 0.0, 19.58, 1, 0.605, 8.375, 93.9, 2.1620, 5, 403, 14.7, 388.45, 3.32
2065, 28, 3543, -71.091800, 42.226500, 22.7, 22.7, 2.24236, 0.0, 19.58, 0, 0.605, 5.854, 91.8, 2.4220, 5, 403, 14.7, 395.11, 11.64
2066, 28, 3544, -71.082000, 42.229500, 25.0, 25.0, 2.92400, 0.0, 19.58, 0, 0.605, 6.101, 93.0, 2.2834, 5, 403, 14.7, 240.16, 9.81
2067, 28, 3545, -71.077000, 42.230500, 50.0, 50.0, 2.01019, 0.0, 19.58, 0, 0.605, 7.929, 96.2, 2.0459, 5, 403, 14.7, 369.30, 3.70
2068, 28, 3546, -71.086600, 42.234500, 23.8, 23.8, 1.80028, 0.0, 19.58, 0, 0.605, 5.877, 79.2, 2.4259, 5, 403, 14.7, 227.61, 12.14
2069, 28, 3547, -71.074000, 42.233100, 23.8, 23.8, 2.30040, 0.0, 19.58, 0, 0.605, 6.319, 96.1, 2.1000, 5, 403, 14.7, 297.09, 11.10
2070, 28, 3548, -71.077500, 42.235100, 22.3, 22.3, 2.44953, 0.0, 19.58, 0, 0.605, 6.402, 95.2, 2.2625, 5, 403, 14.7, 330.04, 11.32
2071, 28, 3549, -71.081000, 42.236800, 17.4, 17.4, 1.20742, 0.0, 19.58, 0, 0.605, 5.875, 94.6, 2.4259, 5, 403, 14.7, 292.29, 14.43
2072, 28, 3550, -71.079200, 42.239000, 19.1, 19.1, 2.31390, 0.0, 19.58, 0, 0.605, 5.880, 97.3, 2.3887, 5, 403, 14.7, 348.13, 12.03
2073, 29, 3561, -71.087000, 42.241600, 23.1, 23.1, 0.13914, 0.0, 4.05, 0, 0.51, 5.572, 88.5, 2.5961, 5, 296, 16.6, 396.90, 14.69
2074, 29, 3562, -71.085500, 42.245000, 23.6, 23.6, 0.09178, 0.0, 4.05, 0, 0.51, 6.416, 84.1, 2.6463, 5, 296, 16.6, 395.50, 9.04
2075, 29, 3563, -71.083300, 42.247500, 22.6, 22.6, 0.08447, 0.0, 4.05, 0, 0.51, 5.859, 68.7, 2.7019, 5, 296, 16.6, 393.23, 9.64
2076, 29, 3564, -71.094000, 42.257500, 29.4, 29.4, 0.06664, 0.0, 4.05, 0, 0.51, 6.546, 33.1, 3.1323, 5, 296, 16.6, 390.96, 5.33
2077, 29, 3565, -71.112500, 42.255000, 23.2, 23.2, 0.07022, 0.0, 4.05, 0, 0.51, 6.020, 47.2, 3.5549, 5, 296, 16.6, 393.23, 10.11
2078, 29, 3566, -71.106000, 42.251200, 24.6, 24.6, 0.05425, 0.0, 4.05, 0, 0.51, 6.315, 73.4, 3.3175, 5, 296, 16.6, 395.60, 6.29
2079, 29, 3567, -71.096500, 42.247000, 29.9, 29.9, 0.06642, 0.0, 4.05, 0, 0.51, 6.860, 74.4, 2.9153, 5, 296, 16.6, 391.27, 6.92
2080, 30, 3571, -71.100000, 42.240800, 37.2, 37.2, 0.05780, 0.0, 2.46, 0, 0.488, 6.980, 58.4, 2.8290, 3, 193, 17.8, 396.90, 5.04
2081, 30, 3572, -71.099500, 42.234500, 39.8, 39.8, 0.06588, 0.0, 2.46, 0, 0.488, 7.765, 83.3, 2.7410, 3, 193, 17.8, 395.56, 7.56
2082, 30, 3573, -71.096600, 42.228200, 36.2, 36.2, 0.06888, 0.0, 2.46, 0, 0.488, 6.144, 62.2, 2.5979, 3, 193, 17.8, 396.90, 9.45
2083, 30, 3574, -71.100500, 42.228700, 37.9, 37.9, 0.09103, 0.0, 2.46, 0, 0.488, 7.155, 92.2, 2.7006, 3, 193, 17.8, 394.12, 4.82
2084, 30, 3575, -71.106500, 42.230000, 32.5, 32.5, 0.10008, 0.0, 2.46, 0, 0.488, 6.563, 95.6, 2.8470, 3, 193, 17.8, 396.90, 5.68
2085, 30, 3576, -71.112000, 42.230000, 26.4, 26.4, 0.08308, 0.0, 2.46, 0, 0.488, 5.604, 89.8, 2.9879, 3, 193, 17.8, 391.00, 13.98
2086, 30, 3577, -71.117500, 42.235000, 29.6, 29.6, 0.06047, 0.0, 2.46, 0, 0.488, 6.153, 68.8, 3.2797, 3, 193, 17.8, 387.11, 13.15
2087, 30, 3578, -71.111500, 42.244200, 50.0, 50.0, 0.05602, 0.0, 2.46, 0, 0.488, 7.831, 53.6, 3.1992, 3, 193, 17.8, 392.63, 4.45
2088, 31, 3581, -71.122000, 42.256500, 32.0, 32.0, 0.07875, 45.0, 3.44, 0, 0.437, 6.782, 41.1, 3.7886, 5, 398, 15.2, 393.87, 6.68
2089, 31, 3583, -71.140800, 42.255000, 29.8, 29.8, 0.12579, 45.0, 3.44, 0, 0.437, 6.556, 29.1, 4.5667, 5, 398, 15.2, 382.84, 4.56
2090, 31, 3584, -71.145000, 42.265100, 34.9, 34.9, 0.08370, 45.0, 3.44, 0, 0.437, 7.185, 38.9, 4.5667, 5, 398, 15.2, 396.90, 5.39
2091, 31, 3585, -71.121600, 42.270000, 37.0, 33.0, 0.09068, 45.0, 3.44, 0, 0.437, 6.951, 21.5, 6.4798, 5, 398, 15.2, 377.68, 5.10
2092, 31, 3586, -71.148500, 42.276500, 30.5, 30.5, 0.06911, 45.0, 3.44, 0, 0.437, 6.739, 30.8, 6.4798, 5, 398, 15.2, 389.71, 4.69
2093, 31, 3587, -71.134000, 42.278500, 36.4, 36.4, 0.08664, 45.0, 3.44, 0, 0.437, 7.178, 26.3, 6.4798, 5, 398, 15.2, 390.49, 2.87
2094, 32, 3591, -71.152500, 42.300000, 31.1, 31.1, 0.02187, 60.0, 2.93, 0, 0.401, 6.800, 9.9, 6.2196, 1, 265, 15.6, 393.37, 5.03
2095, 32, 3592, -71.163300, 42.303000, 29.1, 29.1, 0.01439, 60.0, 2.93, 0, 0.401, 6.604, 18.8, 6.2196, 1, 265, 15.6, 376.70, 4.38
2096, 33, 3602, -71.189000, 42.252500, 50.0, 50.0, 0.01381, 80.0, 0.46, 0, 0.422, 7.875, 32.0, 5.6484, 4, 255, 14.4, 394.23, 2.97
2097, 34, 3611, -71.220000, 42.271500, 33.3, 33.3, 0.04011, 80.0, 1.52, 0, 0.404, 7.287, 34.1, 7.3090, 2, 329, 12.6, 396.90, 4.08
2098, 34, 3612, -71.240000, 42.272500, 30.3, 30.3, 0.04666, 80.0, 1.52, 0, 0.404, 7.107, 36.6, 7.3090, 2, 329, 12.6, 354.31, 8.61
2099, 34, 3613, -71.222000, 42.289000, 34.6, 34.6, 0.03768, 80.0, 1.52, 0, 0.404, 7.274, 38.3, 7.3090, 2, 329, 12.6, 392.20, 6.62
2100, 35, 3651, -71.244000, 42.242500, 34.9, 34.9, 0.03150, 95.0, 1.47, 0, 0.403, 6.975, 15.3, 7.6534, 3, 402, 17.0, 396.90, 4.56
2101, 35, 3652, -71.263000, 42.222500, 32.9, 32.9, 0.01778, 95.0, 1.47, 0, 0.403, 7.135, 13.9, 7.6534, 3, 402, 17.0, 384.30, 4.45
2102, 36, 3661, -71.218500, 42.195500, 24.1, 24.1, 0.03445, 82.5, 2.03, 0, 0.415, 6.162, 38.4, 6.2700, 2, 348, 14.7, 393.77, 7.43
2103, 36, 3662, -71.214000, 42.218000, 42.3, 42.3, 0.02177, 82.5, 2.03, 0, 0.415, 7.610, 15.7, 6.2700, 2, 348, 14.7, 395.38, 3.11
2104, 37, 3671, -71.199000, 42.232000, 48.5, 48.5, 0.03510, 95.0, 2.68, 0, 0.4161, 7.853, 33.2, 5.1180, 4, 224, 14.7, 392.78, 3.81
2105, 37, 3672, -71.199000, 42.205800, 50.0, 50.0, 0.02009, 95.0, 2.68, 0, 0.4161, 8.034, 31.9, 5.1180, 4, 224, 14.7, 390.55, 2.88
2106, 38, 3681, -71.147500, 42.244500, 22.6, 22.6, 0.13642, 0.0, 10.59, 0, 0.489, 5.891, 22.3, 3.9454, 4, 277, 18.6, 396.90, 10.87
2107, 38, 3682, -71.150000, 42.230800, 24.4, 24.4, 0.22969, 0.0, 10.59, 0, 0.489, 6.326, 52.5, 4.3549, 4, 277, 18.6, 394.87, 10.97
2108, 38, 3683, -71.149000, 42.226800, 22.5, 22.5, 0.25199, 0.0, 10.59, 0, 0.489, 5.783, 72.7, 4.3549, 4, 277, 18.6, 389.43, 18.06
2109, 38, 3684, -71.150300, 42.222000, 24.4, 24.4, 0.13587, 0.0, 10.59, 1, 0.489, 6.064, 59.1, 4.2392, 4, 277, 18.6, 381.32, 14.66
2110, 38, 3685, -71.143000, 42.221700, 20.0, 20.0, 0.43571, 0.0, 10.59, 1, 0.489, 5.344, 100.0, 3.8750, 4, 277, 18.6, 396.90, 23.09
2111, 38, 3686, -71.143500, 42.217700, 21.7, 21.7, 0.17446, 0.0, 10.59, 1, 0.489, 5.960, 92.1, 3.8771, 4, 277, 18.6, 393.25, 17.27
2112, 38, 3687, -71.138000, 42.221600, 19.3, 19.3, 0.37578, 0.0, 10.59, 1, 0.489, 5.404, 88.6, 3.6650, 4, 277, 18.6, 395.24, 23.98
2113, 38, 3688, -71.133500, 42.225000, 22.4, 22.4, 0.21719, 0.0, 10.59, 1, 0.489, 5.807, 53.8, 3.6526, 4, 277, 18.6, 390.94, 16.03
2114, 38, 3689, -71.137500, 42.235500, 28.1, 28.1, 0.14052, 0.0, 10.59, 0, 0.489, 6.375, 32.3, 3.9454, 4, 277, 18.6, 385.81, 9.38
2115, 38, 3690, -71.127000, 42.235000, 23.7, 23.7, 0.28955, 0.0, 10.59, 0, 0.489, 5.412, 9.8, 3.5875, 4, 277, 18.6, 348.93, 29.55
2116, 38, 3691, -71.124500, 42.227700, 25.0, 25.0, 0.19802, 0.0, 10.59, 0, 0.489, 6.182, 42.4, 3.9454, 4, 277, 18.6, 393.63, 9.47
2117, 39, 3701, -71.116600, 42.223000, 23.3, 23.3, 0.04560, 0.0, 13.89, 1, 0.55, 5.888, 56.0, 3.1121, 5, 276, 16.4, 392.80, 13.51
2118, 39, 3702, -71.105000, 42.223500, 28.7, 28.7, 0.07013, 0.0, 13.89, 0, 0.55, 6.642, 85.1, 3.4211, 5, 276, 16.4, 392.78, 9.69
2119, 39, 3703, -71.093300, 42.222000, 21.5, 21.5, 0.11069, 0.0, 13.89, 1, 0.55, 5.951, 93.8, 2.8893, 5, 276, 16.4, 396.90, 17.92
2120, 39, 3704, -71.106000, 42.218500, 23.0, 23.0, 0.11425, 0.0, 13.89, 1, 0.55, 6.373, 92.4, 3.3633, 5, 276, 16.4, 393.74, 10.50
2121, 40, 3731, -71.110000, 42.213700, 26.7, 26.7, 0.35809, 0.0, 6.2, 1, 0.507, 6.951, 88.5, 2.8617, 8, 307, 17.4, 391.70, 9.71
2122, 40, 3732, -71.121000, 42.216600, 21.7, 21.7, 0.40771, 0.0, 6.2, 1, 0.507, 6.164, 91.3, 3.0480, 8, 307, 17.4, 395.24, 21.46
2123, 40, 3733, -71.125000, 42.213400, 27.5, 27.5, 0.62356, 0.0, 6.2, 1, 0.507, 6.879, 77.7, 3.2721, 8, 307, 17.4, 390.39, 9.93
2124, 40, 3734, -71.120800, 42.218300, 30.1, 30.1, 0.61470, 0.0, 6.2, 0, 0.507, 6.618, 80.8, 3.2721, 8, 307, 17.4, 396.90, 7.60
2125, 40, 3735, -71.110000, 42.206000, 44.8, 44.8, 0.31533, 0.0, 6.2, 0, 0.504, 8.266, 78.3, 2.8944, 8, 307, 17.4, 385.05, 4.14
2126, 40, 3736, -71.101200, 42.197500, 50.0, 50.0, 0.52693, 0.0, 6.2, 0, 0.504, 8.725, 83.0, 2.8944, 8, 307, 17.4, 382.00, 4.63
2127, 40, 3737, -71.121500, 42.202500, 37.6, 37.6, 0.38214, 0.0, 6.2, 0, 0.504, 8.040, 86.5, 3.2157, 8, 307, 17.4, 387.38, 3.13
2128, 40, 3738, -71.116000, 42.194700, 31.6, 31.6, 0.41238, 0.0, 6.2, 0, 0.504, 7.163, 79.9, 3.2157, 8, 307, 17.4, 372.08, 6.36
2129, 40, 3739, -71.110000, 42.185000, 46.7, 46.7, 0.29819, 0.0, 6.2, 0, 0.504, 7.686, 17.0, 3.3751, 8, 307, 17.4, 377.51, 3.92
2130, 40, 3740, -71.119000, 42.180700, 31.5, 31.5, 0.44178, 0.0, 6.2, 0, 0.504, 6.552, 21.4, 3.3751, 8, 307, 17.4, 380.34, 3.76
2131, 40, 3741, -71.130000, 42.188000, 24.3, 24.3, 0.53700, 0.0, 6.2, 0, 0.504, 5.981, 68.1, 3.6715, 8, 307, 17.4, 378.35, 11.65
2132, 40, 3742, -71.128500, 42.193000, 31.7, 31.7, 0.46296, 0.0, 6.2, 0, 0.504, 7.412, 76.9, 3.6715, 8, 307, 17.4, 376.14, 5.25
2133, 40, 3743, -71.140000, 42.194600, 41.7, 41.7, 0.57529, 0.0, 6.2, 0, 0.507, 8.337, 73.3, 3.8384, 8, 307, 17.4, 385.91, 2.47
2134, 40, 3744, -71.134000, 42.204000, 48.3, 48.3, 0.33147, 0.0, 6.2, 0, 0.507, 8.247, 70.4, 3.6519, 8, 307, 17.4, 378.95, 3.95
2135, 40, 3745, -71.132000, 42.214200, 29.0, 29.0, 0.44791, 0.0, 6.2, 1, 0.507, 6.726, 66.5, 3.6519, 8, 307, 17.4, 360.20, 8.05
2136, 40, 3746, -71.138000, 42.214100, 24.0, 24.0, 0.33045, 0.0, 6.2, 0, 0.507, 6.086, 61.5, 3.6519, 8, 307, 17.4, 376.75, 10.88
2137, 40, 3747, -71.148500, 42.211000, 25.1, 25.1, 0.52058, 0.0, 6.2, 1, 0.507, 6.631, 76.5, 4.1480, 8, 307, 17.4, 388.45, 9.54
2138, 40, 3748, -71.149100, 42.203000, 31.5, 31.5, 0.51183, 0.0, 6.2, 0, 0.507, 7.358, 71.6, 4.1480, 8, 307, 17.4, 390.07, 4.73
2139, 41, 3821, -71.205500, 42.187500, 23.7, 23.7, 0.08244, 30.0, 4.93, 0, 0.428, 6.481, 18.5, 6.1899, 6, 300, 16.6, 379.41, 6.36
2140, 41, 3822, -71.203500, 42.187000, 23.3, 23.3, 0.09252, 30.0, 4.93, 0, 0.428, 6.606, 42.2, 6.1899, 6, 300, 16.6, 383.78, 7.37
2141, 41, 3823, -71.196600, 42.164000, 22.0, 27.0, 0.11329, 30.0, 4.93, 0, 0.428, 6.897, 54.3, 6.3361, 6, 300, 16.6, 391.25, 11.38
2142, 41, 3824, -71.213800, 42.164500, 20.1, 20.1, 0.10612, 30.0, 4.93, 0, 0.428, 6.095, 65.1, 6.3361, 6, 300, 16.6, 394.62, 12.40
2143, 41, 3825, -71.220000, 42.178200, 22.2, 22.2, 0.10290, 30.0, 4.93, 0, 0.428, 6.358, 52.9, 7.0355, 6, 300, 16.6, 372.75, 11.22
2144, 41, 3826, -71.232000, 42.172500, 23.7, 23.7, 0.12757, 30.0, 4.93, 0, 0.428, 6.393, 7.8, 7.0355, 6, 300, 16.6, 374.71, 5.19
2145, 42, 3831, -71.243500, 42.163000, 17.6, 17.6, 0.20608, 22.0, 5.86, 0, 0.431, 5.593, 76.5, 7.9549, 7, 330, 19.1, 372.49, 12.50
2146, 42, 3832, -71.257500, 42.161800, 18.5, 18.5, 0.19133, 22.0, 5.86, 0, 0.431, 5.605, 70.2, 7.9549, 7, 330, 19.1, 389.13, 18.46
2147, 42, 3833, -71.262000, 42.169000, 24.3, 24.3, 0.33983, 22.0, 5.86, 0, 0.431, 6.108, 34.9, 8.0555, 7, 330, 19.1, 390.18, 9.16
2148, 42, 3834, -71.247000, 42.170300, 20.5, 20.5, 0.19657, 22.0, 5.86, 0, 0.431, 6.226, 79.2, 8.0555, 7, 330, 19.1, 376.14, 10.15
2149, 42, 3835, -71.255000, 42.176700, 24.5, 24.5, 0.16439, 22.0, 5.86, 0, 0.431, 6.433, 49.1, 7.8265, 7, 330, 19.1, 374.71, 9.52
2150, 42, 3836, -71.247500, 42.182500, 26.2, 26.2, 0.19073, 22.0, 5.86, 0, 0.431, 6.718, 17.5, 7.8265, 7, 330, 19.1, 393.74, 6.56
2151, 42, 3837, -71.238000, 42.191000, 24.4, 24.4, 0.14030, 22.0, 5.86, 0, 0.431, 6.487, 13.0, 7.3967, 7, 330, 19.1, 396.28, 5.90
2152, 42, 3838, -71.243500, 42.198200, 24.8, 24.8, 0.21409, 22.0, 5.86, 0, 0.431, 6.438, 8.9, 7.3967, 7, 330, 19.1, 377.07, 3.59
2153, 42, 3839, -71.268500, 42.193500, 29.6, 29.6, 0.08221, 22.0, 5.86, 0, 0.431, 6.957, 6.8, 8.9067, 7, 330, 19.1, 386.09, 3.53
2154, 42, 3840, -71.280700, 42.172700, 42.8, 42.8, 0.36894, 22.0, 5.86, 0, 0.431, 8.259, 8.4, 8.9067, 7, 330, 19.1, 396.90, 3.54
2155, 43, 3851, -71.289500, 42.157500, 21.9, 21.9, 0.04819, 80.0, 3.64, 0, 0.392, 6.108, 32.0, 9.2203, 1, 315, 16.4, 392.89, 6.57
2156, 43, 3852, -71.269000, 42.148200, 20.9, 20.9, 0.03548, 80.0, 3.64, 0, 0.392, 5.876, 19.1, 9.2203, 1, 315, 16.4, 395.18, 9.25
2157, 44, 3861, -71.223000, 42.145000, 44.0, 44.0, 0.01538, 90.0, 3.75, 0, 0.394, 7.454, 34.2, 6.3361, 3, 244, 15.9, 386.34, 3.11
2158, 45, 4001, -71.067900, 42.207300, 50.0, 50.0, 0.61154, 20.0, 3.97, 0, 0.647, 8.704, 86.9, 1.8010, 5, 264, 13.0, 389.70, 5.12
2159, 45, 4002, -71.072700, 42.207700, 36.0, 36.0, 0.66351, 20.0, 3.97, 0, 0.647, 7.333, 100.0, 1.8946, 5, 264, 13.0, 383.29, 7.79
2160, 45, 4003, -71.076500, 42.207500, 30.1, 30.1, 0.65665, 20.0, 3.97, 0, 0.647, 6.842, 100.0, 2.0107, 5, 264, 13.0, 391.93, 6.90
2161, 45, 4004, -71.080000, 42.204000, 33.8, 33.8, 0.54011, 20.0, 3.97, 0, 0.647, 7.203, 81.8, 2.1121, 5, 264, 13.0, 392.80, 9.59
2162, 45, 4005, -71.079000, 42.202000, 43.1, 43.1, 0.53412, 20.0, 3.97, 0, 0.647, 7.520, 89.4, 2.1398, 5, 264, 13.0, 388.37, 7.26
2163, 45, 4006, -71.083500, 42.200000, 48.8, 48.8, 0.52014, 20.0, 3.97, 0, 0.647, 8.398, 91.5, 2.2885, 5, 264, 13.0, 386.86, 5.91
2164, 45, 4007, -71.075000, 42.198000, 31.0, 31.0, 0.82526, 20.0, 3.97, 0, 0.647, 7.327, 94.5, 2.0788, 5, 264, 13.0, 393.42, 11.25
2165, 45, 4008, -71.071000, 42.203000, 36.5, 36.5, 0.55007, 20.0, 3.97, 0, 0.647, 7.206, 91.6, 1.9301, 5, 264, 13.0, 387.89, 8.10
2166, 45, 4009, -71.070000, 42.200000, 22.8, 22.8, 0.76162, 20.0, 3.97, 0, 0.647, 5.560, 62.8, 1.9865, 5, 264, 13.0, 392.40, 10.45
2167, 45, 4010, -71.072500, 42.196500, 30.7, 30.7, 0.78570, 20.0, 3.97, 0, 0.647, 7.014, 84.6, 2.1329, 5, 264, 13.0, 384.07, 14.79
2168, 45, 4011, -71.085000, 42.192500, 50.0, 50.0, 0.57834, 20.0, 3.97, 0, 0.575, 8.297, 67.0, 2.4216, 5, 264, 13.0, 384.54, 7.44
2169, 45, 4012, -71.092500, 42.207500, 43.5, 43.5, 0.54050, 20.0, 3.97, 0, 0.575, 7.470, 52.6, 2.8720, 5, 264, 13.0, 390.30, 3.16
2170, 46, 4021, -71.098000, 42.154000, 20.7, 20.7, 0.09065, 20.0, 6.96, 1, 0.464, 5.920, 61.5, 3.9175, 3, 223, 18.6, 391.34, 13.65
2171, 46, 4022, -71.087000, 42.141000, 21.1, 21.1, 0.29916, 20.0, 6.96, 0, 0.464, 5.856, 42.1, 4.4290, 3, 223, 18.6, 388.65, 13.00
2172, 46, 4023, -71.094000, 42.135500, 25.2, 25.2, 0.16211, 20.0, 6.96, 0, 0.464, 6.240, 16.3, 4.4290, 3, 223, 18.6, 396.90, 6.59
2173, 46, 4024, -71.098200, 42.144500, 24.4, 24.4, 0.11460, 20.0, 6.96, 0, 0.464, 6.538, 58.7, 3.9175, 3, 223, 18.6, 394.96, 7.73
2174, 46, 4025, -71.117000, 42.151000, 35.2, 35.2, 0.22188, 20.0, 6.96, 1, 0.464, 7.691, 51.8, 4.3665, 3, 223, 18.6, 390.77, 6.58
2175, 47, 4031, -71.130500, 42.167500, 32.4, 32.4, 0.05644, 40.0, 6.41, 1, 0.447, 6.758, 32.9, 4.0776, 4, 254, 17.6, 396.90, 3.53
2176, 47, 4032, -71.138000, 42.173300, 32.0, 32.0, 0.09604, 40.0, 6.41, 0, 0.447, 6.854, 42.8, 4.2673, 4, 254, 17.6, 396.90, 2.98
2177, 47, 4033, -71.140500, 42.163200, 33.2, 33.2, 0.10469, 40.0, 6.41, 1, 0.447, 7.267, 49.0, 4.7872, 4, 254, 17.6, 389.25, 6.05
2178, 47, 4034, -71.149500, 42.173000, 33.1, 33.1, 0.06127, 40.0, 6.41, 1, 0.447, 6.826, 27.6, 4.8628, 4, 254, 17.6, 393.45, 4.16
2179, 47, 4035, -71.139500, 42.181300, 29.1, 29.1, 0.07978, 40.0, 6.41, 0, 0.447, 6.482, 32.1, 4.1403, 4, 254, 17.6, 396.90, 7.19
2180, 48, 4041, -71.148000, 42.188000, 35.1, 35.1, 0.21038, 20.0, 3.33, 0, 0.4429, 6.812, 32.2, 4.1007, 5, 216, 14.9, 396.90, 4.85
2181, 48, 4042, -71.166000, 42.187000, 45.4, 45.4, 0.03578, 20.0, 3.33, 0, 0.4429, 7.820, 64.5, 4.6947, 5, 216, 14.9, 387.31, 3.76
2182, 48, 4043, -71.185000, 42.184800, 35.4, 35.4, 0.03705, 20.0, 3.33, 0, 0.4429, 6.968, 37.2, 5.2447, 5, 216, 14.9, 392.23, 4.59
2183, 48, 4044, -71.177500, 42.173500, 46.0, 46.0, 0.06129, 20.0, 3.33, 1, 0.4429, 7.645, 49.7, 5.2119, 5, 216, 14.9, 377.07, 3.01
2184, 49, 4051, -71.173000, 42.147500, 50.0, 50.0, 0.01501, 90.0, 1.21, 1, 0.401, 7.923, 24.8, 5.8850, 1, 198, 13.6, 395.52, 3.16
2185, 50, 4061, -71.180000, 42.110500, 32.2, 32.2, 0.00906, 90.0, 2.97, 0, 0.4, 7.088, 20.8, 7.3073, 1, 285, 15.3, 394.72, 7.85
2186, 51, 4071, -71.213500, 42.100000, 22.0, 22.0, 0.01096, 55.0, 2.25, 0, 0.389, 6.453, 31.9, 7.3073, 1, 300, 15.3, 394.72, 8.23
2187, 52, 4091, -71.195000, 42.067500, 20.1, 20.1, 0.01965, 80.0, 1.76, 0, 0.385, 6.230, 31.5, 9.0892, 1, 241, 18.2, 341.60, 12.93
2188, 53, 4111, -71.148000, 42.077500, 23.2, 23.2, 0.03871, 52.5, 5.32, 0, 0.405, 6.209, 31.3, 7.3172, 6, 293, 16.6, 396.90, 7.14
2189, 53, 4112, -71.132500, 42.094000, 22.3, 22.3, 0.04590, 52.5, 5.32, 0, 0.405, 6.315, 45.6, 7.3172, 6, 293, 16.6, 396.90, 7.60
2190, 53, 4113, -71.155000, 42.098000, 24.8, 24.8, 0.04297, 52.5, 5.32, 0, 0.405, 6.565, 22.9, 7.3172, 6, 293, 16.6, 371.72, 9.51
2191, 54, 4121, -71.138500, 42.123500, 28.5, 28.5, 0.03502, 80.0, 4.95, 0, 0.411, 6.861, 27.9, 5.1167, 4, 245, 19.2, 396.90, 3.33
2192, 54, 4122, -71.133000, 42.140800, 37.3, 37.3, 0.07886, 80.0, 4.95, 0, 0.411, 7.148, 27.7, 5.1167, 4, 245, 19.2, 396.90, 3.56
2193, 54, 4123, -71.107000, 42.130700, 27.9, 27.9, 0.03615, 80.0, 4.95, 0, 0.411, 6.630, 23.4, 5.1167, 4, 245, 19.2, 396.90, 4.70
2194, 55, 4131, -71.109000, 42.110000, 23.9, 23.9, 0.08265, 0.0, 13.92, 0, 0.437, 6.127, 18.4, 5.5027, 4, 289, 16.0, 396.90, 8.58
2195, 55, 4132, -71.118000, 42.121700, 21.7, 21.7, 0.08199, 0.0, 13.92, 0, 0.437, 6.009, 42.3, 5.5027, 4, 289, 16.0, 396.90, 10.40
2196, 55, 4133, -71.130900, 42.116600, 28.6, 28.6, 0.12932, 0.0, 13.92, 0, 0.437, 6.678, 31.1, 5.9604, 4, 289, 16.0, 396.90, 6.27
2197, 55, 4134, -71.128000, 42.110800, 27.1, 27.1, 0.05372, 0.0, 13.92, 0, 0.437, 6.549, 51.0, 5.9604, 4, 289, 16.0, 392.85, 7.39
2198, 55, 4135, -71.121000, 42.102500, 20.3, 20.3, 0.14103, 0.0, 13.92, 0, 0.437, 5.790, 58.0, 6.3200, 4, 289, 16.0, 396.90, 15.84
2199, 56, 4141, -71.120000, 42.072500, 22.5, 22.5, 0.06466, 70.0, 2.24, 0, 0.4, 6.345, 20.1, 7.8278, 5, 358, 14.8, 368.24, 4.97
2200, 56, 4142, -71.100000, 42.059000, 29.0, 29.0, 0.05561, 70.0, 2.24, 0, 0.4, 7.041, 10.0, 7.8278, 5, 358, 14.8, 371.58, 4.74
2201, 56, 4143, -71.103500, 42.073500, 24.8, 24.8, 0.04417, 70.0, 2.24, 0, 0.4, 6.871, 47.4, 7.8278, 5, 358, 14.8, 390.86, 6.07
2202, 57, 4151, -71.087500, 42.095000, 22.0, 22.0, 0.03537, 34.0, 6.09, 0, 0.433, 6.590, 40.4, 5.4917, 7, 329, 16.1, 395.75, 9.50
2203, 57, 4152, -71.062500, 42.102000, 26.4, 26.4, 0.09266, 34.0, 6.09, 0, 0.433, 6.495, 18.4, 5.4917, 7, 329, 16.1, 383.61, 8.67
2204, 57, 4153, -71.086500, 42.120000, 33.1, 33.1, 0.10000, 34.0, 6.09, 0, 0.433, 6.982, 17.7, 5.4917, 7, 329, 16.1, 390.43, 4.86
2205, 58, 4161, -71.046500, 42.145000, 36.1, 36.1, 0.05515, 33.0, 2.18, 0, 0.472, 7.236, 41.1, 4.0220, 7, 222, 18.4, 393.68, 6.93
2206, 58, 4162, -71.057000, 42.152500, 28.4, 28.4, 0.05479, 33.0, 2.18, 0, 0.472, 6.616, 58.1, 3.3700, 7, 222, 18.4, 393.36, 8.93
2207, 58, 4163, -71.045000, 42.159000, 33.4, 33.4, 0.07503, 33.0, 2.18, 0, 0.472, 7.420, 71.9, 3.0992, 7, 222, 18.4, 396.90, 6.47
2208, 58, 4164, -71.028000, 42.156500, 28.2, 28.2, 0.04932, 33.0, 2.18, 0, 0.472, 6.849, 70.3, 3.1827, 7, 222, 18.4, 396.90, 7.53
2209, 59, 4171, -71.013800, 42.155500, 22.8, 22.8, 0.49298, 0.0, 9.9, 0, 0.544, 6.635, 82.5, 3.3175, 4, 304, 18.4, 396.90, 4.54
2210, 59, 4172, -71.020100, 42.160000, 20.3, 20.3, 0.34940, 0.0, 9.9, 0, 0.544, 5.972, 76.7, 3.1025, 4, 304, 18.4, 396.24, 9.97
2211, 59, 4173, -71.016000, 42.176000, 16.1, 16.1, 2.63548, 0.0, 9.9, 0, 0.544, 4.973, 37.8, 2.5194, 4, 304, 18.4, 350.45, 12.64
2212, 59, 4174, -71.007500, 42.178000, 22.1, 22.1, 0.79041, 0.0, 9.9, 0, 0.544, 6.122, 52.8, 2.6403, 4, 304, 18.4, 396.90, 5.98
2213, 59, 4175, -71.015000, 42.167000, 19.4, 19.4, 0.26169, 0.0, 9.9, 0, 0.544, 6.023, 90.4, 2.8340, 4, 304, 18.4, 396.30, 11.72
2214, 59, 4176, -71.007500, 42.161300, 21.6, 21.6, 0.26938, 0.0, 9.9, 0, 0.544, 6.266, 82.8, 3.2628, 4, 304, 18.4, 393.39, 7.90
2215, 59, 4177, -71.000000, 42.153000, 23.8, 23.8, 0.36920, 0.0, 9.9, 0, 0.544, 6.567, 87.3, 3.6023, 4, 304, 18.4, 395.69, 9.28
2216, 59, 4178, -70.979500, 42.158000, 16.2, 16.2, 0.25356, 0.0, 9.9, 0, 0.544, 5.705, 77.7, 3.9450, 4, 304, 18.4, 396.42, 11.50
2217, 59, 4179, -70.988000, 42.148500, 17.8, 17.8, 0.31827, 0.0, 9.9, 0, 0.544, 5.914, 83.2, 3.9986, 4, 304, 18.4, 390.70, 18.33
2218, 59, 4180, -71.004000, 42.142500, 19.8, 19.8, 0.24522, 0.0, 9.9, 0, 0.544, 5.782, 71.7, 4.0317, 4, 304, 18.4, 396.90, 15.94
2219, 59, 4181, -71.010000, 42.150000, 23.1, 23.1, 0.40202, 0.0, 9.9, 0, 0.544, 6.382, 67.2, 3.5325, 4, 304, 18.4, 395.21, 10.36
2220, 59, 4182, -71.020000, 42.151000, 21.0, 21.0, 0.47547, 0.0, 9.9, 0, 0.544, 6.113, 58.8, 4.0019, 4, 304, 18.4, 396.23, 12.73
2221, 60, 4191, -71.008500, 42.129000, 23.8, 23.8, 0.16760, 0.0, 7.38, 0, 0.493, 6.426, 52.3, 4.5404, 5, 287, 19.6, 396.90, 7.20
2222, 60, 4192, -70.997500, 42.134000, 23.1, 23.1, 0.18159, 0.0, 7.38, 0, 0.493, 6.376, 54.3, 4.5404, 5, 287, 19.6, 396.90, 6.87
2223, 60, 4193, -70.990000, 42.136700, 20.4, 20.4, 0.35114, 0.0, 7.38, 0, 0.493, 6.041, 49.9, 4.7211, 5, 287, 19.6, 396.90, 7.70
2224, 60, 4194, -70.983400, 42.137500, 18.5, 18.5, 0.28392, 0.0, 7.38, 0, 0.493, 5.708, 74.3, 4.7211, 5, 287, 19.6, 391.13, 11.74
2225, 60, 4195, -70.989500, 42.126500, 25.0, 25.0, 0.34109, 0.0, 7.38, 0, 0.493, 6.415, 40.1, 4.7211, 5, 287, 19.6, 396.90, 6.12
2226, 60, 4196, -71.000000, 42.106600, 24.6, 24.6, 0.19186, 0.0, 7.38, 0, 0.493, 6.431, 14.7, 5.4159, 5, 287, 19.6, 393.68, 5.08
2227, 60, 4197, -70.999500, 42.117500, 23.0, 23.0, 0.30347, 0.0, 7.38, 0, 0.493, 6.312, 28.9, 5.4159, 5, 287, 19.6, 396.90, 6.15
2228, 60, 4198, -71.010000, 42.121500, 22.2, 22.2, 0.24103, 0.0, 7.38, 0, 0.493, 6.083, 43.7, 5.4159, 5, 287, 19.6, 396.90, 12.79
2229, 61, 4201, -71.027500, 42.113000, 19.3, 19.3, 0.06617, 0.0, 3.24, 0, 0.46, 5.868, 25.8, 5.2146, 4, 430, 16.9, 382.44, 9.97
2230, 61, 4202, -71.041500, 42.115000, 22.6, 22.6, 0.06724, 0.0, 3.24, 0, 0.46, 6.333, 17.2, 5.2146, 4, 430, 16.9, 375.21, 7.34
2231, 61, 4203, -71.025000, 42.098000, 19.8, 19.8, 0.04544, 0.0, 3.24, 0, 0.46, 6.144, 32.2, 5.8736, 4, 430, 16.9, 368.57, 9.09
2232, 62, 4211, -71.011500, 42.086500, 17.1, 17.1, 0.05023, 35.0, 6.06, 0, 0.4379, 5.706, 28.4, 6.6407, 1, 304, 16.9, 394.02, 12.43
2233, 62, 4212, -70.996000, 42.089500, 19.4, 19.4, 0.03466, 35.0, 6.06, 0, 0.4379, 6.031, 23.3, 6.6407, 1, 304, 16.9, 362.25, 7.83
2234, 63, 4221, -70.979500, 42.099500, 22.2, 22.2, 0.05083, 0.0, 5.19, 0, 0.515, 6.316, 38.1, 6.4584, 5, 224, 20.2, 389.71, 5.68
2235, 63, 4222, -70.965000, 42.101000, 20.7, 20.7, 0.03738, 0.0, 5.19, 0, 0.515, 6.310, 38.5, 6.4584, 5, 224, 20.2, 389.40, 6.75
2236, 63, 4223, -70.970000, 42.115000, 21.1, 21.1, 0.03961, 0.0, 5.19, 0, 0.515, 6.037, 34.5, 5.9853, 5, 224, 20.2, 396.90, 8.01
2237, 63, 4224, -70.976000, 42.128000, 19.5, 19.5, 0.03427, 0.0, 5.19, 0, 0.515, 5.869, 46.3, 5.2311, 5, 224, 20.2, 396.90, 9.80
2238, 63, 4225, -70.960200, 42.127000, 18.5, 18.5, 0.03041, 0.0, 5.19, 0, 0.515, 5.895, 59.6, 5.6150, 5, 224, 20.2, 394.81, 10.56
2239, 63, 4226, -70.963300, 42.137400, 20.6, 20.6, 0.03306, 0.0, 5.19, 0, 0.515, 6.059, 37.3, 4.8122, 5, 224, 20.2, 396.14, 8.51
2240, 63, 4227, -70.967500, 42.144000, 19.0, 19.0, 0.05497, 0.0, 5.19, 0, 0.515, 5.985, 45.4, 4.8122, 5, 224, 20.2, 396.90, 9.74
2241, 63, 4228, -70.965000, 42.150300, 18.7, 18.7, 0.06151, 0.0, 5.19, 0, 0.515, 5.968, 58.5, 4.8122, 5, 224, 20.2, 396.90, 9.29
2242, 64, 4231, -70.887500, 42.146500, 32.7, 32.7, 0.01301, 35.0, 1.52, 0, 0.442, 7.241, 49.3, 7.0379, 1, 284, 15.5, 394.74, 5.49
2243, 65, 5001, -70.915000, 42.160000, 16.5, 16.5, 0.02498, 0.0, 1.89, 0, 0.518, 6.540, 59.7, 6.2669, 1, 422, 15.9, 389.96, 8.65
2244, 66, 5011, -70.937000, 42.147500, 23.9, 23.9, 0.02543, 55.0, 3.78, 0, 0.484, 6.696, 56.4, 5.7321, 5, 370, 17.6, 396.90, 7.18
2245, 66, 5012, -70.932500, 42.123000, 31.2, 31.2, 0.03049, 55.0, 3.78, 0, 0.484, 6.874, 28.1, 6.4654, 5, 370, 17.6, 387.97, 4.61
2246, 67, 5021, -70.947000, 42.072500, 17.5, 17.5, 0.03113, 0.0, 4.39, 0, 0.442, 6.014, 48.5, 8.0136, 3, 352, 18.8, 385.64, 10.53
2247, 67, 5022, -70.950100, 42.082500, 17.2, 17.2, 0.06162, 0.0, 4.39, 0, 0.442, 5.898, 52.3, 8.0136, 3, 352, 18.8, 364.61, 12.67
2248, 68, 5031, -70.927500, 42.079500, 23.1, 23.1, 0.01870, 85.0, 4.15, 0, 0.429, 6.516, 27.7, 8.5353, 4, 351, 17.9, 392.43, 6.36
2249, 69, 5041, -70.920000, 42.101600, 24.5, 24.5, 0.01501, 80.0, 2.01, 0, 0.435, 6.635, 29.7, 8.3440, 4, 280, 17.0, 390.94, 5.99
2250, 70, 5051, -70.855000, 42.130000, 26.6, 26.6, 0.02899, 40.0, 1.25, 0, 0.429, 6.939, 34.5, 8.7921, 1, 335, 19.7, 389.85, 5.89
2251, 70, 5052, -70.833000, 42.115000, 22.9, 22.9, 0.06211, 40.0, 1.25, 0, 0.429, 6.490, 44.4, 8.7921, 1, 335, 19.7, 396.90, 5.98
2252, 71, 5061, -70.830000, 42.077500, 24.1, 24.1, 0.07950, 60.0, 1.69, 0, 0.411, 6.579, 35.9, 10.7103, 4, 411, 18.3, 370.78, 5.49
2253, 71, 5062, -70.810000, 42.059000, 18.6, 18.6, 0.07244, 60.0, 1.69, 0, 0.411, 5.884, 18.5, 10.7103, 4, 411, 18.3, 392.33, 7.79
2254, 72, 5071, -70.830000, 42.048500, 30.1, 30.1, 0.01709, 90.0, 2.02, 0, 0.41, 6.728, 36.1, 12.1265, 5, 187, 17.0, 384.46, 4.50
2255, 73, 5081, -70.853000, 42.052000, 18.2, 18.2, 0.04301, 80.0, 1.91, 0, 0.413, 5.663, 21.9, 10.5857, 4, 334, 22.0, 382.80, 8.05
2256, 73, 5082, -70.852500, 42.030000, 20.6, 20.6, 0.10659, 80.0, 1.91, 0, 0.413, 5.936, 19.5, 10.5857, 4, 334, 22.0, 376.04, 5.57
2257, Allston-Brighton, 74, 0001, -71.083000, 42.217200, 17.8, 17.8, 8.98296, 0.0, 18.1, 1, 0.77, 6.212, 97.4, 2.1222, 24, 666, 20.2, 377.73, 17.60
2258, Allston-Brighton, 74, 0002, -71.095000, 42.212000, 21.7, 21.7, 3.84970, 0.0, 18.1, 1, 0.77, 6.395, 91.0, 2.5052, 24, 666, 20.2, 391.34, 13.27
2259, Allston-Brighton, 74, 0003, -71.100700, 42.210000, 22.7, 22.7, 5.20177, 0.0, 18.1, 1, 0.77, 6.127, 83.4, 2.7227, 24, 666, 20.2, 395.43, 11.48
2260, Allston-Brighton, 74, 0004, -71.093000, 42.207000, 22.6, 22.6, 4.26131, 0.0, 18.1, 0, 0.77, 6.112, 81.3, 2.5091, 24, 666, 20.2, 390.74, 12.67
2261, Allston-Brighton, 74, 0005, -71.090500, 42.203300, 25.0, 25.0, 4.54192, 0.0, 18.1, 0, 0.77, 6.398, 88.0, 2.5182, 24, 666, 20.2, 374.56, 7.79
2262, Allston-Brighton, 74, 0006, -71.086500, 42.210000, 19.9, 19.9, 3.83684, 0.0, 18.1, 0, 0.77, 6.251, 91.1, 2.2955, 24, 666, 20.2, 350.65, 14.19
2263, Allston-Brighton, 74, 0007, -71.081000, 42.208000, 20.8, 20.8, 3.67822, 0.0, 18.1, 0, 0.77, 5.362, 96.2, 2.1036, 24, 666, 20.2, 380.79, 10.19
2264, Allston-Brighton, 74, 0008, -71.086500, 42.215000, 16.8, 16.8, 4.22239, 0.0, 18.1, 1, 0.77, 5.803, 89.0, 1.9047, 24, 666, 20.2, 353.04, 14.64
2265, Back, Bay, 75, 0101, -71.059000, 42.209800, 21.9, 21.9, 3.47428, 0.0, 18.1, 1, 0.718, 8.780, 82.9, 1.9047, 24, 666, 20.2, 354.55, 5.29
2266, Back, Bay, 75, 0102, -71.059500, 42.207500, 27.5, 27.5, 4.55587, 0.0, 18.1, 0, 0.718, 3.561, 87.9, 1.6132, 24, 666, 20.2, 354.70, 7.12
2267, Back, Bay, 75, 0104, -71.054000, 42.205200, 21.9, 21.9, 3.69695, 0.0, 18.1, 0, 0.718, 4.963, 91.4, 1.7523, 24, 666, 20.2, 316.03, 14.00
2268, Back, Bay, 75, 0105, -71.050800, 42.207000, 23.1, 23.1, 13.52220, 0.0, 18.1, 0, 0.631, 3.863, 100.0, 1.5106, 24, 666, 20.2, 131.42, 13.33
2269, Back, Bay, 75, 0107, -71.048000, 42.210500, 50.0, 50.0, 4.89822, 0.0, 18.1, 0, 0.631, 4.970, 100.0, 1.3325, 24, 666, 20.2, 375.52, 3.26
2270, Back, Bay, 75, 0108, -71.049700, 42.212500, 50.0, 50.0, 5.66998, 0.0, 18.1, 1, 0.631, 6.683, 96.8, 1.3567, 24, 666, 20.2, 375.33, 3.73
2271, Beacon, Hill, 76, 0201, -71.042200, 42.214400, 50.0, 50.0, 6.53876, 0.0, 18.1, 1, 0.631, 7.016, 97.5, 1.2024, 24, 666, 20.2, 392.05, 2.96
2272, Beacon, Hill, 76, 0202, -71.041700, 42.216000, 50.0, 50.0, 9.23230, 0.0, 18.1, 0, 0.631, 6.216, 100.0, 1.1691, 24, 666, 20.2, 366.15, 9.53
2273, Beacon, Hill, 76, 0203, -71.039700, 42.218200, 50.0, 50.0, 8.26725, 0.0, 18.1, 1, 0.668, 5.875, 89.6, 1.1296, 24, 666, 20.2, 347.88, 8.88
2274, North, End, 77, 0301, -71.033900, 42.220700, 13.8, 13.8, 11.10810, 0.0, 18.1, 0, 0.668, 4.906, 100.0, 1.1742, 24, 666, 20.2, 396.90, 34.77
2275, North, End, 77, 0302, -71.034600, 42.218700, 13.8, 13.8, 18.49820, 0.0, 18.1, 0, 0.668, 4.138, 100.0, 1.1370, 24, 666, 20.2, 396.90, 37.97
2276, Charlestown, 78, 0401, -71.036700, 42.224000, 15.0, 15.0, 19.60910, 0.0, 18.1, 0, 0.671, 7.313, 97.9, 1.3163, 24, 666, 20.2, 396.90, 13.44
2277, Charlestown, 78, 0402, -71.034000, 42.226000, 13.9, 13.9, 15.28800, 0.0, 18.1, 0, 0.671, 6.649, 93.3, 1.3449, 24, 666, 20.2, 363.02, 23.24
2278, Charlestown, 78, 0403, -71.038000, 42.226500, 13.3, 13.3, 9.82349, 0.0, 18.1, 0, 0.671, 6.794, 98.8, 1.3580, 24, 666, 20.2, 396.90, 21.24
2279, Charlestown, 78, 0404, -71.040000, 42.224800, 13.1, 13.1, 23.64820, 0.0, 18.1, 0, 0.671, 6.380, 96.2, 1.3861, 24, 666, 20.2, 396.90, 23.69
2280, Charlestown, 78, 0405, -71.040000, 42.227500, 10.2, 10.2, 17.86670, 0.0, 18.1, 0, 0.671, 6.223, 100.0, 1.3861, 24, 666, 20.2, 393.74, 21.78
2281, Charlestown, 78, 0406, -71.046000, 42.230000, 10.4, 10.4, 88.97620, 0.0, 18.1, 0, 0.671, 6.968, 91.9, 1.4165, 24, 666, 20.2, 396.90, 17.21
2282, East, Boston, 79, 0407, -71.041000, 42.229000, 10.9, 10.9, 15.87440, 0.0, 18.1, 0, 0.671, 6.545, 99.1, 1.5192, 24, 666, 20.2, 396.90, 21.08
2283, East, Boston, 79, 0501, -71.023000, 42.228700, 11.3, 11.3, 9.18702, 0.0, 18.1, 0, 0.7, 5.536, 100.0, 1.5804, 24, 666, 20.2, 396.90, 23.60
2284, East, Boston, 79, 0502, -71.021500, 42.227000, 12.3, 12.3, 7.99248, 0.0, 18.1, 0, 0.7, 5.520, 100.0, 1.5331, 24, 666, 20.2, 396.90, 24.56
2285, East, Boston, 79, 0503, -71.024500, 42.223500, 8.8, 8.8, 20.08490, 0.0, 18.1, 0, 0.7, 4.368, 91.2, 1.4395, 24, 666, 20.2, 285.83, 30.63
2286, East, Boston, 79, 0504, -71.023500, 42.221300, 7.2, 7.2, 16.81180, 0.0, 18.1, 0, 0.7, 5.277, 98.1, 1.4261, 24, 666, 20.2, 396.90, 30.81
2287, East, Boston, 79, 0506, -71.022800, 42.223100, 10.5, 10.5, 24.39380, 0.0, 18.1, 0, 0.7, 4.652, 100.0, 1.4672, 24, 666, 20.2, 396.90, 28.28
2288, East, Boston, 79, 0507, -71.021500, 42.224800, 7.4, 7.4, 22.59710, 0.0, 18.1, 0, 0.7, 5.000, 89.5, 1.5184, 24, 666, 20.2, 396.90, 31.99
2289, East, Boston, 79, 0508, -71.019500, 42.225500, 10.2, 10.2, 14.33370, 0.0, 18.1, 0, 0.7, 4.880, 100.0, 1.5895, 24, 666, 20.2, 372.92, 30.62
2290, East, Boston, 79, 0509, -71.016800, 42.228100, 11.5, 11.5, 8.15174, 0.0, 18.1, 0, 0.7, 5.390, 98.9, 1.7281, 24, 666, 20.2, 396.90, 20.85
2291, East, Boston, 79, 0510, -71.010900, 42.230000, 15.1, 15.1, 6.96215, 0.0, 18.1, 0, 0.7, 5.713, 97.0, 1.9265, 24, 666, 20.2, 394.43, 17.11
2292, East, Boston, 79, 0511, -71.003500, 42.233000, 23.2, 23.2, 5.29305, 0.0, 18.1, 0, 0.7, 6.051, 82.5, 2.1678, 24, 666, 20.2, 378.38, 18.76
2293, East, Boston, 79, 0512, -71.020000, 42.220500, 9.7, 9.7, 11.57790, 0.0, 18.1, 0, 0.7, 5.036, 97.0, 1.7700, 24, 666, 20.2, 396.90, 25.68
2294, South, Boston, 80, 0601, -71.016700, 42.201000, 13.8, 13.8, 8.64476, 0.0, 18.1, 0, 0.693, 6.193, 92.6, 1.7912, 24, 666, 20.2, 396.90, 15.17
2295, South, Boston, 80, 0602, -71.020000, 42.199300, 12.7, 12.7, 13.35980, 0.0, 18.1, 0, 0.693, 5.887, 94.7, 1.7821, 24, 666, 20.2, 396.90, 16.35
2296, South, Boston, 80, 0603, -71.022000, 42.199600, 13.1, 13.1, 8.71675, 0.0, 18.1, 0, 0.693, 6.471, 98.8, 1.7257, 24, 666, 20.2, 391.98, 17.12
2297, South, Boston, 80, 0604, -71.026000, 42.199300, 12.5, 12.5, 5.87205, 0.0, 18.1, 0, 0.693, 6.405, 96.0, 1.6768, 24, 666, 20.2, 396.90, 19.37
2298, South, Boston, 80, 0605, -71.025000, 42.202400, 8.5, 8.5, 7.67202, 0.0, 18.1, 0, 0.693, 5.747, 98.9, 1.6334, 24, 666, 20.2, 393.10, 19.92
2299, South, Boston, 80, 0606, -71.023000, 42.209000, 5.0, 5.0, 38.35180, 0.0, 18.1, 0, 0.693, 5.453, 100.0, 1.4896, 24, 666, 20.2, 396.90, 30.59
2300, South, Boston, 80, 0607, -71.033000, 42.203200, 6.3, 6.3, 9.91655, 0.0, 18.1, 0, 0.693, 5.852, 77.8, 1.5004, 24, 666, 20.2, 338.16, 29.97
2301, South, Boston, 80, 0608, -71.032600, 42.201100, 5.6, 5.6, 25.04610, 0.0, 18.1, 0, 0.693, 5.987, 100.0, 1.5888, 24, 666, 20.2, 396.90, 26.77
2302, South, Boston, 80, 0609, -71.030000, 42.201500, 7.2, 7.2, 14.23620, 0.0, 18.1, 0, 0.693, 6.343, 100.0, 1.5741, 24, 666, 20.2, 396.90, 20.32
2303, South, Boston, 80, 0610, -71.030000, 42.198800, 12.1, 12.1, 9.59571, 0.0, 18.1, 0, 0.693, 6.404, 100.0, 1.6390, 24, 666, 20.2, 376.11, 20.31
2304, South, Boston, 80, 0612, -71.033200, 42.198000, 8.3, 8.3, 24.80170, 0.0, 18.1, 0, 0.693, 5.349, 96.0, 1.7028, 24, 666, 20.2, 396.90, 19.77
2305, South, Boston, 80, 0613, -71.034500, 42.200100, 8.5, 8.5, 41.52920, 0.0, 18.1, 0, 0.693, 5.531, 85.4, 1.6074, 24, 666, 20.2, 329.46, 27.38
2306, South, Boston, 80, 0614, -71.032000, 42.205700, 5.0, 5.0, 67.92080, 0.0, 18.1, 0, 0.693, 5.683, 100.0, 1.4254, 24, 666, 20.2, 384.97, 22.98
2307, Downtown, 81, 0702, -71.039000, 42.219800, 11.9, 11.9, 20.71620, 0.0, 18.1, 0, 0.659, 4.138, 100.0, 1.1781, 24, 666, 20.2, 370.22, 23.34
2308, Downtown, 81, 0703, -71.042700, 42.209000, 27.9, 27.9, 11.95110, 0.0, 18.1, 0, 0.659, 5.608, 100.0, 1.2852, 24, 666, 20.2, 332.09, 12.13
2309, Downtown, 81, 0705, -71.043700, 42.205000, 17.2, 17.2, 7.40389, 0.0, 18.1, 0, 0.597, 5.617, 97.9, 1.4547, 24, 666, 20.2, 314.64, 26.40
2310, Downtown, 81, 0706, -71.045500, 42.206000, 27.5, 27.5, 14.43830, 0.0, 18.1, 0, 0.597, 6.852, 100.0, 1.4655, 24, 666, 20.2, 179.36, 19.78
2311, Downtown, 81, 0707, -71.046200, 42.207500, 15.0, 15.0, 51.13580, 0.0, 18.1, 0, 0.597, 5.757, 100.0, 1.4130, 24, 666, 20.2, 2.60, 10.11
2312, Downtown, 81, 0708, -71.048700, 42.204800, 17.2, 17.2, 14.05070, 0.0, 18.1, 0, 0.597, 6.657, 100.0, 1.5275, 24, 666, 20.2, 35.05, 21.22
2313, Downtown, 81, 0709, -71.047000, 42.203000, 17.9, 17.9, 18.81100, 0.0, 18.1, 0, 0.597, 4.628, 100.0, 1.5539, 24, 666, 20.2, 28.79, 34.37
2314, Downtown, 81, 0710, -71.045100, 42.201500, 16.3, 16.3, 28.65580, 0.0, 18.1, 0, 0.597, 5.155, 100.0, 1.5894, 24, 666, 20.2, 210.97, 20.08
2315, Roxbury, 82, 0801, -71.042000, 42.198500, 7.0, 7.0, 45.74610, 0.0, 18.1, 0, 0.693, 4.519, 100.0, 1.6582, 24, 666, 20.2, 88.27, 36.98
2316, Roxbury, 82, 0802, -71.045500, 42.195300, 7.2, 7.2, 18.08460, 0.0, 18.1, 0, 0.679, 6.434, 100.0, 1.8347, 24, 666, 20.2, 27.25, 29.05
2317, Roxbury, 82, 0803, -71.047700, 42.196500, 7.5, 7.5, 10.83420, 0.0, 18.1, 0, 0.679, 6.782, 90.8, 1.8195, 24, 666, 20.2, 21.57, 25.79
2318, Roxbury, 82, 0805, -71.049800, 42.200700, 10.4, 10.4, 25.94060, 0.0, 18.1, 0, 0.679, 5.304, 89.1, 1.6475, 24, 666, 20.2, 127.36, 26.64
2319, Roxbury, 82, 0807, -71.052500, 42.198900, 8.8, 8.8, 73.53410, 0.0, 18.1, 0, 0.679, 5.957, 100.0, 1.8026, 24, 666, 20.2, 16.45, 20.62
2320, Roxbury, 82, 0808, -71.058600, 42.199900, 8.4, 8.4, 11.81230, 0.0, 18.1, 0, 0.718, 6.824, 76.5, 1.7940, 24, 666, 20.2, 48.45, 22.74
2321, Roxbury, 82, 0809, -71.061800, 42.199000, 16.7, 16.7, 11.08740, 0.0, 18.1, 0, 0.718, 6.411, 100.0, 1.8589, 24, 666, 20.2, 318.75, 15.02
2322, Roxbury, 82, 0810, -71.065000, 42.201800, 14.2, 14.2, 7.02259, 0.0, 18.1, 0, 0.718, 6.006, 95.3, 1.8746, 24, 666, 20.2, 319.98, 15.70
2323, Roxbury, 82, 0811, -71.066500, 42.197000, 20.8, 20.8, 12.04820, 0.0, 18.1, 0, 0.614, 5.648, 87.6, 1.9512, 24, 666, 20.2, 291.55, 14.10
2324, Roxbury, 82, 0812, -71.061900, 42.194800, 13.4, 13.4, 7.05042, 0.0, 18.1, 0, 0.614, 6.103, 85.1, 2.0218, 24, 666, 20.2, 2.52, 23.29
2325, Roxbury, 82, 0813, -71.059000, 42.192000, 11.7, 11.7, 8.79212, 0.0, 18.1, 0, 0.584, 5.565, 70.6, 2.0635, 24, 666, 20.2, 3.65, 17.16
2326, Roxbury, 82, 0814, -71.057700, 42.196700, 8.3, 8.3, 15.86030, 0.0, 18.1, 0, 0.679, 5.896, 95.4, 1.9096, 24, 666, 20.2, 7.68, 24.39
2327, Roxbury, 82, 0815, -71.055800, 42.193700, 10.2, 10.2, 12.24720, 0.0, 18.1, 0, 0.584, 5.837, 59.7, 1.9976, 24, 666, 20.2, 24.65, 15.69
2328, Roxbury, 82, 0816, -71.054200, 42.196100, 10.9, 10.9, 37.66190, 0.0, 18.1, 0, 0.679, 6.202, 78.7, 1.8629, 24, 666, 20.2, 18.82, 14.52
2329, Roxbury, 82, 0817, -71.052100, 42.194000, 11.0, 11.0, 7.36711, 0.0, 18.1, 0, 0.679, 6.193, 78.1, 1.9356, 24, 666, 20.2, 96.73, 21.52
2330, Roxbury, 82, 0818, -71.048500, 42.192000, 9.5, 9.5, 9.33889, 0.0, 18.1, 0, 0.679, 6.380, 95.6, 1.9682, 24, 666, 20.2, 60.72, 24.08
2331, Roxbury, 82, 0819, -71.054700, 42.189000, 14.5, 14.5, 8.49213, 0.0, 18.1, 0, 0.584, 6.348, 86.1, 2.0527, 24, 666, 20.2, 83.45, 17.64
2332, Roxbury, 82, 0820, -71.050500, 42.188000, 14.1, 14.1, 10.06230, 0.0, 18.1, 0, 0.584, 6.833, 94.3, 2.0882, 24, 666, 20.2, 81.33, 19.69
2333, Roxbury, 82, 0821, -71.052000, 42.185400, 16.1, 16.1, 6.44405, 0.0, 18.1, 0, 0.584, 6.425, 74.8, 2.2004, 24, 666, 20.2, 97.95, 12.03
2334, Savin, Hill, 83, 0901, -71.049500, 42.181500, 14.3, 14.3, 5.58107, 0.0, 18.1, 0, 0.713, 6.436, 87.9, 2.3158, 24, 666, 20.2, 100.19, 16.22
2335, Savin, Hill, 83, 0902, -71.047500, 42.184200, 11.7, 11.7, 13.91340, 0.0, 18.1, 0, 0.713, 6.208, 95.0, 2.2222, 24, 666, 20.2, 100.63, 15.17
2336, Savin, Hill, 83, 0903, -71.046000, 42.186700, 13.4, 13.4, 11.16040, 0.0, 18.1, 0, 0.74, 6.629, 94.6, 2.1247, 24, 666, 20.2, 109.85, 23.27
2337, Savin, Hill, 83, 0904, -71.045500, 42.189300, 9.6, 9.6, 14.42080, 0.0, 18.1, 0, 0.74, 6.461, 93.3, 2.0026, 24, 666, 20.2, 27.49, 18.05
2338, Savin, Hill, 83, 0905, -71.044500, 42.191700, 8.7, 8.2, 15.17720, 0.0, 18.1, 0, 0.74, 6.152, 100.0, 1.9142, 24, 666, 20.2, 9.32, 26.45
2339, Savin, Hill, 83, 0906, -71.044500, 42.193800, 8.4, 8.4, 13.67810, 0.0, 18.1, 0, 0.74, 5.935, 87.9, 1.8206, 24, 666, 20.2, 68.95, 34.02
2340, Savin, Hill, 83, 0907, -71.037000, 42.194000, 12.8, 12.8, 9.39063, 0.0, 18.1, 0, 0.74, 5.627, 93.9, 1.8172, 24, 666, 20.2, 396.90, 22.88
2341, Savin, Hill, 83, 0908, -71.032100, 42.192500, 10.5, 10.5, 22.05110, 0.0, 18.1, 0, 0.74, 5.818, 92.4, 1.8662, 24, 666, 20.2, 391.45, 22.11
2342, Savin, Hill, 83, 0910, -71.034500, 42.185000, 17.1, 17.1, 9.72418, 0.0, 18.1, 0, 0.74, 6.406, 97.2, 2.0651, 24, 666, 20.2, 385.96, 19.52
2343, Savin, Hill, 83, 0911, -71.034000, 42.189000, 18.4, 14.8, 5.66637, 0.0, 18.1, 0, 0.74, 6.219, 100.0, 2.0048, 24, 666, 20.2, 395.69, 16.59
2344, Savin, Hill, 83, 0912, -71.037800, 42.189200, 15.4, 15.4, 9.96654, 0.0, 18.1, 0, 0.74, 6.485, 100.0, 1.9784, 24, 666, 20.2, 386.73, 18.85
2345, Savin, Hill, 83, 0913, -71.040500, 42.192000, 10.8, 10.8, 12.80230, 0.0, 18.1, 0, 0.74, 5.854, 96.6, 1.8956, 24, 666, 20.2, 240.52, 23.79
2346, Savin, Hill, 83, 0914, -71.042500, 42.189000, 11.8, 11.8, 10.67180, 0.0, 18.1, 0, 0.74, 6.459, 94.8, 1.9879, 24, 666, 20.2, 43.06, 23.98
2347, Savin, Hill, 83, 0915, -71.039000, 42.186800, 14.9, 14.9, 6.28807, 0.0, 18.1, 0, 0.74, 6.341, 96.4, 2.0720, 24, 666, 20.2, 318.01, 17.79
2348, Savin, Hill, 83, 0916, -71.037000, 42.184000, 12.6, 12.6, 9.92485, 0.0, 18.1, 0, 0.74, 6.251, 96.6, 2.1980, 24, 666, 20.2, 388.52, 16.44
2349, Savin, Hill, 83, 0917, -71.040000, 42.182000, 14.1, 14.1, 9.32909, 0.0, 18.1, 0, 0.713, 6.185, 98.7, 2.2616, 24, 666, 20.2, 396.90, 18.13
2350, Savin, Hill, 83, 0918, -71.042800, 42.184500, 13.0, 13.0, 7.52601, 0.0, 18.1, 0, 0.713, 6.417, 98.3, 2.1850, 24, 666, 20.2, 304.21, 19.31
2351, Savin, Hill, 83, 0919, -71.046000, 42.181000, 13.4, 13.4, 6.71772, 0.0, 18.1, 0, 0.713, 6.749, 92.6, 2.3236, 24, 666, 20.2, 0.32, 17.44
2352, Savin, Hill, 83, 0920, -71.041000, 42.179500, 15.2, 15.2, 5.44114, 0.0, 18.1, 0, 0.713, 6.655, 98.2, 2.3552, 24, 666, 20.2, 355.29, 17.73
2353, Savin, Hill, 83, 0921, -71.034000, 42.179000, 16.1, 16.1, 5.09017, 0.0, 18.1, 0, 0.713, 6.297, 91.8, 2.3682, 24, 666, 20.2, 385.09, 17.27
2354, Savin, Hill, 83, 0922, -71.040000, 42.177000, 17.8, 17.8, 8.24809, 0.0, 18.1, 0, 0.713, 7.393, 99.3, 2.4527, 24, 666, 20.2, 375.87, 16.74
2355, Savin, Hill, 83, 0923, -71.045500, 42.176800, 14.9, 14.4, 9.51363, 0.0, 18.1, 0, 0.713, 6.728, 94.1, 2.4961, 24, 666, 20.2, 6.68, 18.71
2356, Savin, Hill, 83, 0924, -71.051000, 42.178000, 14.1, 14.1, 4.75237, 0.0, 18.1, 0, 0.713, 6.525, 86.5, 2.4358, 24, 666, 20.2, 50.92, 18.13
2357, Dorchester, 84, 1001, -71.051700, 42.173500, 12.7, 12.7, 4.66883, 0.0, 18.1, 0, 0.713, 5.976, 87.9, 2.5806, 24, 666, 20.2, 10.48, 19.01
2358, Dorchester, 84, 1002, -71.051500, 42.170000, 13.5, 13.5, 8.20058, 0.0, 18.1, 0, 0.713, 5.936, 80.3, 2.7792, 24, 666, 20.2, 3.50, 16.94
2359, Dorchester, 84, 1003, -71.047500, 42.169000, 14.9, 14.9, 7.75223, 0.0, 18.1, 0, 0.713, 6.301, 83.7, 2.7831, 24, 666, 20.2, 272.21, 16.23
2360, Dorchester, 84, 1004, -71.043000, 42.169000, 20.0, 20.0, 6.80117, 0.0, 18.1, 0, 0.713, 6.081, 84.4, 2.7175, 24, 666, 20.2, 396.90, 14.70
2361, Dorchester, 84, 1005, -71.043000, 42.172800, 16.4, 16.4, 4.81213, 0.0, 18.1, 0, 0.713, 6.701, 90.0, 2.5975, 24, 666, 20.2, 255.23, 16.42
2362, Dorchester, 84, 1006, -71.035000, 42.174500, 17.7, 17.7, 3.69311, 0.0, 18.1, 0, 0.713, 6.376, 88.4, 2.5671, 24, 666, 20.2, 391.43, 14.65
2363, Dorchester, 84, 1007, -71.031000, 42.169500, 19.5, 19.5, 6.65492, 0.0, 18.1, 0, 0.713, 6.317, 83.0, 2.7344, 24, 666, 20.2, 396.90, 13.99
2364, Dorchester, 84, 1008, -71.035800, 42.167500, 20.2, 20.2, 5.82115, 0.0, 18.1, 0, 0.713, 6.513, 89.9, 2.8016, 24, 666, 20.2, 393.82, 10.29
2365, Dorchester, 84, 1009, -71.045000, 42.164000, 21.4, 21.4, 7.83932, 0.0, 18.1, 0, 0.655, 6.209, 65.4, 2.9634, 24, 666, 20.2, 396.90, 13.22
2366, Dorchester, 84, 1010, -71.055000, 42.165000, 19.9, 19.9, 3.16360, 0.0, 18.1, 0, 0.655, 5.759, 48.2, 3.0665, 24, 666, 20.2, 334.40, 14.13
2367, Dorchester, 84, 1011, -71.055000, 42.168500, 19.0, 19.0, 3.77498, 0.0, 18.1, 0, 0.655, 5.952, 84.7, 2.8715, 24, 666, 20.2, 22.01, 17.15
2368, Mattapan, 85, 1101, -71.066000, 42.178000, 19.1, 19.1, 4.42228, 0.0, 18.1, 0, 0.584, 6.003, 94.5, 2.5403, 24, 666, 20.2, 331.29, 21.32
2369, Mattapan, 85, 1102, -71.070000, 42.168000, 19.1, 19.1, 15.57570, 0.0, 18.1, 0, 0.58, 5.926, 71.0, 2.9084, 24, 666, 20.2, 368.74, 18.13
2370, Mattapan, 85, 1103, -71.069000, 42.172500, 20.1, 20.1, 13.07510, 0.0, 18.1, 0, 0.58, 5.713, 56.7, 2.8237, 24, 666, 20.2, 396.90, 14.76
2371, Mattapan, 85, 1104, -71.074000, 42.168000, 19.9, 19.9, 4.34879, 0.0, 18.1, 0, 0.58, 6.167, 84.0, 3.0334, 24, 666, 20.2, 396.90, 16.29
2372, Mattapan, 85, 1105, -71.082500, 42.169800, 19.6, 19.6, 4.03841, 0.0, 18.1, 0, 0.532, 6.229, 90.7, 3.0993, 24, 666, 20.2, 395.33, 12.87
2373, Mattapan, 85, 1106, -71.083300, 42.175000, 23.2, 23.2, 3.56868, 0.0, 18.1, 0, 0.58, 6.437, 75.0, 2.8965, 24, 666, 20.2, 393.37, 14.36
2374, Forest, Hills, 86, 1201, -71.073200, 42.184000, 29.8, 29.8, 4.64689, 0.0, 18.1, 0, 0.614, 6.980, 67.6, 2.5329, 24, 666, 20.2, 374.68, 11.66
2375, Forest, Hills, 86, 1202, -71.055000, 42.183000, 13.8, 13.8, 8.05579, 0.0, 18.1, 0, 0.584, 5.427, 95.4, 2.4298, 24, 666, 20.2, 352.58, 18.14
2376, Forest, Hills, 86, 1203, -71.051100, 42.187900, 13.3, 13.3, 6.39312, 0.0, 18.1, 0, 0.584, 6.162, 97.4, 2.2060, 24, 666, 20.2, 302.76, 24.10
2377, Forest, Hills, 86, 1204, -71.056500, 42.188000, 16.7, 16.7, 4.87141, 0.0, 18.1, 0, 0.614, 6.484, 93.6, 2.3053, 24, 666, 20.2, 396.21, 18.68
2378, Forest, Hills, 86, 1205, -71.052800, 42.192000, 12.0, 12.0, 15.02340, 0.0, 18.1, 0, 0.614, 5.304, 97.3, 2.1007, 24, 666, 20.2, 349.48, 24.91
2379, Forest, Hills, 86, 1206, -71.055800, 42.191300, 14.6, 14.6, 10.23300, 0.0, 18.1, 0, 0.614, 6.185, 96.7, 2.1705, 24, 666, 20.2, 379.70, 18.03
2380, Forest, Hills, 86, 1207, -71.067000, 42.194500, 21.4, 21.4, 14.33370, 0.0, 18.1, 0, 0.614, 6.229, 88.0, 1.9512, 24, 666, 20.2, 383.32, 13.11
2381, West, Roxbury, 87, 1301, -71.100800, 42.174000, 23.0, 23.0, 5.82401, 0.0, 18.1, 0, 0.532, 6.242, 64.7, 3.4242, 24, 666, 20.2, 396.90, 10.74
2382, West, Roxbury, 87, 1302, -71.095000, 42.173000, 23.7, 23.7, 5.70818, 0.0, 18.1, 0, 0.532, 6.750, 74.9, 3.3317, 24, 666, 20.2, 393.07, 7.74
2383, West, Roxbury, 87, 1303, -71.090000, 42.166500, 25.0, 25.0, 5.73116, 0.0, 18.1, 0, 0.532, 7.061, 77.0, 3.4106, 24, 666, 20.2, 395.28, 7.01
2384, West, Roxbury, 87, 1304, -71.097500, 42.160800, 21.8, 21.8, 2.81838, 0.0, 18.1, 0, 0.532, 5.762, 40.3, 4.0983, 24, 666, 20.2, 392.92, 10.42
2385, Hyde, Park, 88, 1401, -71.080400, 42.154000, 20.6, 20.6, 2.37857, 0.0, 18.1, 0, 0.583, 5.871, 41.9, 3.7240, 24, 666, 20.2, 370.73, 13.34
2386, Hyde, Park, 88, 1402, -71.075000, 42.145500, 21.2, 21.2, 3.67367, 0.0, 18.1, 0, 0.583, 6.312, 51.9, 3.9917, 24, 666, 20.2, 388.62, 10.58
2387, Hyde, Park, 88, 1403, -71.071500, 42.155000, 19.1, 19.1, 5.69175, 0.0, 18.1, 0, 0.583, 6.114, 79.8, 3.5459, 24, 666, 20.2, 392.68, 14.98
2388, Hyde, Park, 88, 1404, -71.065000, 42.161000, 20.6, 20.6, 4.83567, 0.0, 18.1, 0, 0.583, 5.905, 53.2, 3.1523, 24, 666, 20.2, 388.22, 11.45
2389, 89, 1601, -71.018900, 42.234400, 15.2, 15.2, 0.15086, 0.0, 27.74, 0, 0.609, 5.454, 92.7, 1.8209, 4, 711, 20.1, 395.09, 18.06
2390, 89, 1602, -71.022800, 42.233500, 7.0, 7.0, 0.18337, 0.0, 27.74, 0, 0.609, 5.414, 98.3, 1.7554, 4, 711, 20.1, 344.05, 23.97
2391, 89, 1604, -71.024500, 42.236800, 8.1, 8.1, 0.20746, 0.0, 27.74, 0, 0.609, 5.093, 98.0, 1.8226, 4, 711, 20.1, 318.43, 29.68
2392, 89, 1605, -71.016000, 42.238200, 13.6, 13.6, 0.10574, 0.0, 27.74, 0, 0.609, 5.983, 98.8, 1.8681, 4, 711, 20.1, 390.11, 18.07
2393, 89, 1606, -71.029700, 42.244700, 20.1, 20.1, 0.11132, 0.0, 27.74, 0, 0.609, 5.983, 83.5, 2.1099, 4, 711, 20.1, 396.90, 13.35
2394, 90, 1701, -71.012500, 42.246200, 21.8, 21.8, 0.17331, 0.0, 9.69, 0, 0.585, 5.707, 54.0, 2.3817, 6, 391, 19.2, 396.90, 12.01
2395, 90, 1702, -71.012500, 42.250000, 24.5, 24.5, 0.27957, 0.0, 9.69, 0, 0.585, 5.926, 42.6, 2.3817, 6, 391, 19.2, 396.90, 13.59
2396, 90, 1703, -71.010500, 42.254700, 23.1, 23.1, 0.17899, 0.0, 9.69, 0, 0.585, 5.670, 28.8, 2.7986, 6, 391, 19.2, 393.29, 17.60
2397, 90, 1704, -71.001000, 42.252500, 19.7, 19.7, 0.28960, 0.0, 9.69, 0, 0.585, 5.390, 72.9, 2.7986, 6, 391, 19.2, 396.90, 21.14
2398, 90, 1705, -70.994700, 42.249600, 18.3, 18.3, 0.26838, 0.0, 9.69, 0, 0.585, 5.794, 70.6, 2.8927, 6, 391, 19.2, 396.90, 14.10
2399, 90, 1706, -71.005000, 42.245500, 21.2, 21.2, 0.23912, 0.0, 9.69, 0, 0.585, 6.019, 65.3, 2.4091, 6, 391, 19.2, 396.90, 12.92
2400, 90, 1707, -70.998500, 42.243000, 17.5, 17.5, 0.17783, 0.0, 9.69, 0, 0.585, 5.569, 73.5, 2.3999, 6, 391, 19.2, 395.77, 15.10
2401, 90, 1708, -70.992000, 42.238000, 16.8, 16.8, 0.22438, 0.0, 9.69, 0, 0.585, 6.027, 79.7, 2.4982, 6, 391, 19.2, 396.90, 14.33
2402, 91, 1801, -70.986000, 42.231200, 22.4, 22.4, 0.06263, 0.0, 11.93, 0, 0.573, 6.593, 69.1, 2.4786, 1, 273, 21.0, 391.99, 9.67
2403, 91, 1802, -70.991000, 42.227500, 20.6, 20.6, 0.04527, 0.0, 11.93, 0, 0.573, 6.120, 76.7, 2.2875, 1, 273, 21.0, 396.90, 9.08
2404, 91, 1803, -70.994800, 42.226000, 23.9, 23.9, 0.06076, 0.0, 11.93, 0, 0.573, 6.976, 91.0, 2.1675, 1, 273, 21.0, 396.90, 5.64
2405, 91, 1804, -70.987500, 42.224000, 22.0, 22.0, 0.10959, 0.0, 11.93, 0, 0.573, 6.794, 89.3, 2.3889, 1, 273, 21.0, 393.45, 6.48
2406, 91, 1805, -70.982500, 42.221000, 11.9, 19.0, 0.04741, 0.0, 11.93, 0, 0.573, 6.030, 80.8, 2.5050, 1, 273, 21.0, 396.90, 7.88
