Latitude, Longitude, ID, Year ID, Year, Month, Month Day, Year Day, Hour, Wind, Pressure, Category
16.9, -84.0, 1326, 1, 2005, 6, 8, 189, 18, 25.0, 1004.0, 0
17.4, -83.9, 1326, 1, 2005, 6, 9, 190, 0, 30.0, 1003.0, 0
18.2, -83.9, 1326, 1, 2005, 6, 9, 190, 6, 35.0, 1003.0, 0
19.0, -84.0, 1326, 1, 2005, 6, 9, 190, 12, 35.0, 1002.0, 0
19.7, -84.1, 1326, 1, 2005, 6, 9, 190, 18, 35.0, 1002.0, 0
20.4, -84.2, 1326, 1, 2005, 6, 10, 191, 0, 40.0, 1001.0, 0
21.2, -84.4, 1326, 1, 2005, 6, 10, 191, 6, 45.0, 1000.0, 0
23.0, -84.7, 1326, 1, 2005, 6, 10, 191, 12, 50.0, 1000.0, 0
24.9, -85.1, 1326, 1, 2005, 6, 10, 191, 18, 55.0, 995.0, 0
26.5, -85.6, 1326, 1, 2005, 6, 11, 192, 0, 60.0, 990.0, 0
27.7, -86.8, 1326, 1, 2005, 6, 11, 192, 6, 60.0, 993.0, 0
28.9, -87.2, 1326, 1, 2005, 6, 11, 192, 12, 55.0, 990.0, 0
30.1, -87.5, 1326, 1, 2005, 6, 11, 192, 18, 50.0, 991.0, 0
31.4, -87.6, 1326, 1, 2005, 6, 12, 193, 0, 30.0, 994.0, 0
32.7, -87.7, 1326, 1, 2005, 6, 12, 193, 6, 25.0, 998.0, 0
35.0, -88.0, 1326, 1, 2005, 6, 12, 193, 12, 20.0, 1003.0, 0
37.0, -87.8, 1326, 1, 2005, 6, 12, 193, 18, 20.0, 1005.0, 0
38.5, -87.5, 1326, 1, 2005, 6, 13, 194, 0, 20.0, 1006.0, 0
40.5, -86.0, 1326, 1, 2005, 6, 13, 194, 6, 20.0, 1006.0, 0
42.0, -85.0, 1326, 1, 2005, 6, 13, 194, 12, 20.0, 1005.0, 0
43.0, -84.0, 1326, 1, 2005, 6, 13, 194, 18, 20.0, 1005.0, 0
43.7, -81.1, 1326, 1, 2005, 6, 14, 195, 0, 20.0, 1003.0, 0
44.8, -77.6, 1326, 1, 2005, 6, 14, 195, 6, 20.0, 1001.0, 0
19.7, -95.4, 1327, 2, 2005, 6, 28, 209, 18, 30.0, 1006.0, 0
20.0, -95.8, 1327, 2, 2005, 6, 29, 210, 0, 35.0, 1005.0, 0
20.4, -96.4, 1327, 2, 2005, 6, 29, 210, 6, 35.0, 1005.0, 0
20.8, -97.3, 1327, 2, 2005, 6, 29, 210, 12, 35.0, 1005.0, 0
21.4, -98.1, 1327, 2, 2005, 6, 29, 210, 18, 25.0, 1007.0, 0
22.0, -98.5, 1327, 2, 2005, 6, 30, 211, 0, 25.0, 1008.0, 0
18.3, -86.7, 1328, 3, 2005, 7, 3, 215, 18, 30.0, 1009.0, 0
18.6, -87.2, 1328, 3, 2005, 7, 4, 216, 0, 30.0, 1007.0, 0
19.3, -87.9, 1328, 3, 2005, 7, 4, 216, 6, 30.0, 1007.0, 0
20.9, -88.5, 1328, 3, 2005, 7, 4, 216, 12, 25.0, 1011.0, 0
22.3, -89.0, 1328, 3, 2005, 7, 4, 216, 18, 30.0, 1010.0, 0
23.9, -89.7, 1328, 3, 2005, 7, 5, 217, 0, 30.0, 1009.0, 0
25.1, -90.2, 1328, 3, 2005, 7, 5, 217, 6, 35.0, 1009.0, 0
26.4, -90.4, 1328, 3, 2005, 7, 5, 217, 12, 45.0, 1002.0, 0
27.6, -90.5, 1328, 3, 2005, 7, 5, 217, 18, 60.0, 997.0, 0
28.5, -90.3, 1328, 3, 2005, 7, 6, 218, 0, 65.0, 992.0, 0
29.6, -90.0, 1328, 3, 2005, 7, 6, 218, 6, 50.0, 994.0, 0
30.8, -88.9, 1328, 3, 2005, 7, 6, 218, 12, 40.0, 998.0, 0
31.6, -88.1, 1328, 3, 2005, 7, 6, 218, 18, 30.0, 1000.0, 0
32.4, -87.2, 1328, 3, 2005, 7, 7, 219, 0, 25.0, 1004.0, 0
33.2, -86.2, 1328, 3, 2005, 7, 7, 219, 6, 20.0, 1008.0, 0
34.6, -84.1, 1328, 3, 2005, 7, 7, 219, 12, 20.0, 1009.0, 0
35.6, -81.8, 1328, 3, 2005, 7, 7, 219, 18, 20.0, 1010.0, 0
37.1, -80.0, 1328, 3, 2005, 7, 8, 220, 0, 20.0, 1010.0, 0
37.8, -78.3, 1328, 3, 2005, 7, 8, 220, 6, 20.0, 1010.0, 0
38.4, -76.7, 1328, 3, 2005, 7, 8, 220, 12, 25.0, 1009.0, 0
39.1, -74.8, 1328, 3, 2005, 7, 8, 220, 18, 25.0, 1009.0, 0
39.5, -72.0, 1328, 3, 2005, 7, 9, 221, 0, 25.0, 1009.0, 0
40.8, -70.7, 1328, 3, 2005, 7, 9, 221, 6, 25.0, 1009.0, 0
41.6, -69.8, 1328, 3, 2005, 7, 9, 221, 12, 30.0, 1007.0, 0
43.5, -69.6, 1328, 3, 2005, 7, 9, 221, 18, 30.0, 1006.0, 0
44.9, -69.8, 1328, 3, 2005, 7, 10, 222, 0, 30.0, 1006.0, 0
45.5, -70.0, 1328, 3, 2005, 7, 10, 222, 6, 30.0, 1006.0, 0
46.5, -67.6, 1328, 3, 2005, 7, 10, 222, 12, 25.0, 1006.0, 0
48.0, -66.4, 1328, 3, 2005, 7, 10, 222, 18, 20.0, 1006.0, 0
48.5, -64.5, 1328, 3, 2005, 7, 11, 223, 0, 20.0, 1006.0, 0
48.5, -62.5, 1328, 3, 2005, 7, 11, 223, 6, 20.0, 1006.0, 0
12.0, -60.8, 1329, 4, 2005, 7, 4, 216, 18, 25.0, 1010.0, 0
12.2, -62.5, 1329, 4, 2005, 7, 5, 217, 0, 30.0, 1009.0, 0
12.5, -64.2, 1329, 4, 2005, 7, 5, 217, 6, 30.0, 1008.0, 0
13.0, -65.9, 1329, 4, 2005, 7, 5, 217, 12, 35.0, 1007.0, 0
13.6, -67.3, 1329, 4, 2005, 7, 5, 217, 18, 40.0, 1005.0, 0
14.3, -68.5, 1329, 4, 2005, 7, 6, 218, 0, 45.0, 1000.0, 0
14.7, -69.7, 1329, 4, 2005, 7, 6, 218, 6, 50.0, 995.0, 0
15.1, -70.9, 1329, 4, 2005, 7, 6, 218, 12, 55.0, 991.0, 0
15.6, -71.9, 1329, 4, 2005, 7, 6, 218, 18, 60.0, 989.0, 0
16.2, -73.0, 1329, 4, 2005, 7, 7, 219, 0, 70.0, 982.0, 0
16.7, -74.1, 1329, 4, 2005, 7, 7, 219, 6, 80.0, 972.0, 1
17.6, -74.9, 1329, 4, 2005, 7, 7, 219, 12, 90.0, 967.0, 1
18.5, -76.1, 1329, 4, 2005, 7, 7, 219, 18, 100.0, 957.0, 2
19.4, -77.1, 1329, 4, 2005, 7, 8, 220, 0, 120.0, 951.0, 3
20.3, -78.4, 1329, 4, 2005, 7, 8, 220, 6, 110.0, 953.0, 2
20.9, -79.5, 1329, 4, 2005, 7, 8, 220, 12, 130.0, 938.0, 3
22.0, -80.6, 1329, 4, 2005, 7, 8, 220, 18, 120.0, 941.0, 3
22.7, -81.6, 1329, 4, 2005, 7, 9, 221, 0, 100.0, 960.0, 2
23.4, -82.5, 1329, 4, 2005, 7, 9, 221, 6, 75.0, 973.0, 1
24.3, -83.4, 1329, 4, 2005, 7, 9, 221, 12, 80.0, 967.0, 1
25.2, -84.2, 1329, 4, 2005, 7, 9, 221, 18, 90.0, 962.0, 1
26.1, -85.0, 1329, 4, 2005, 7, 10, 222, 0, 110.0, 942.0, 2
27.2, -85.8, 1329, 4, 2005, 7, 10, 222, 6, 125.0, 935.0, 3
28.5, -86.3, 1329, 4, 2005, 7, 10, 222, 12, 120.0, 930.0, 3
29.9, -86.9, 1329, 4, 2005, 7, 10, 222, 18, 110.0, 942.0, 2
31.5, -87.7, 1329, 4, 2005, 7, 11, 223, 0, 45.0, 970.0, 0
32.6, -88.5, 1329, 4, 2005, 7, 11, 223, 6, 30.0, 991.0, 0
33.9, -88.8, 1329, 4, 2005, 7, 11, 223, 12, 25.0, 997.0, 0
35.3, -89.1, 1329, 4, 2005, 7, 11, 223, 18, 20.0, 1002.0, 0
36.4, -89.2, 1329, 4, 2005, 7, 12, 224, 0, 20.0, 1003.0, 0
37.1, -89.0, 1329, 4, 2005, 7, 12, 224, 6, 15.0, 1005.0, 0
37.7, -88.7, 1329, 4, 2005, 7, 12, 224, 12, 15.0, 1007.0, 0
38.1, -88.3, 1329, 4, 2005, 7, 12, 224, 18, 15.0, 1008.0, 0
38.5, -87.8, 1329, 4, 2005, 7, 13, 225, 0, 15.0, 1009.0, 0
38.9, -87.2, 1329, 4, 2005, 7, 13, 225, 6, 15.0, 1010.0, 0
39.2, -86.5, 1329, 4, 2005, 7, 13, 225, 12, 15.0, 1010.0, 0
39.2, -85.8, 1329, 4, 2005, 7, 13, 225, 18, 15.0, 1010.0, 0
39.2, -85.7, 1329, 4, 2005, 7, 14, 226, 0, 10.0, 1009.0, 0
39.0, -85.6, 1329, 4, 2005, 7, 14, 226, 6, 10.0, 1009.0, 0
38.7, -85.6, 1329, 4, 2005, 7, 14, 226, 12, 10.0, 1010.0, 0
38.4, -85.6, 1329, 4, 2005, 7, 14, 226, 18, 10.0, 1010.0, 0
38.1, -85.8, 1329, 4, 2005, 7, 15, 227, 0, 10.0, 1009.0, 0
37.9, -86.2, 1329, 4, 2005, 7, 15, 227, 6, 10.0, 1010.0, 0
38.1, -86.4, 1329, 4, 2005, 7, 15, 227, 12, 10.0, 1012.0, 0
38.4, -86.6, 1329, 4, 2005, 7, 15, 227, 18, 10.0, 1012.0, 0
38.6, -86.8, 1329, 4, 2005, 7, 16, 228, 0, 10.0, 1011.0, 0
39.4, -86.5, 1329, 4, 2005, 7, 16, 228, 6, 10.0, 1013.0, 0
40.2, -86.2, 1329, 4, 2005, 7, 16, 228, 12, 10.0, 1013.0, 0
40.8, -85.2, 1329, 4, 2005, 7, 16, 228, 18, 10.0, 1014.0, 0
41.3, -84.1, 1329, 4, 2005, 7, 17, 229, 0, 10.0, 1013.0, 0
42.2, -83.2, 1329, 4, 2005, 7, 17, 229, 6, 10.0, 1013.0, 0
43.1, -82.3, 1329, 4, 2005, 7, 17, 229, 12, 10.0, 1013.0, 0
43.9, -81.4, 1329, 4, 2005, 7, 17, 229, 18, 10.0, 1012.0, 0
44.6, -80.5, 1329, 4, 2005, 7, 18, 230, 0, 10.0, 1010.0, 0
45.8, -79.8, 1329, 4, 2005, 7, 18, 230, 6, 10.0, 1009.0, 0
10.7, -42.4, 1330, 5, 2005, 7, 11, 223, 0, 25.0, 1010.0, 0
10.8, -43.4, 1330, 5, 2005, 7, 11, 223, 6, 30.0, 1009.0, 0
10.9, -44.4, 1330, 5, 2005, 7, 11, 223, 12, 30.0, 1009.0, 0
11.0, -45.4, 1330, 5, 2005, 7, 11, 223, 18, 30.0, 1007.0, 0
11.0, -46.8, 1330, 5, 2005, 7, 12, 224, 0, 35.0, 1006.0, 0
11.0, -48.5, 1330, 5, 2005, 7, 12, 224, 6, 40.0, 1005.0, 0
11.0, -50.2, 1330, 5, 2005, 7, 12, 224, 12, 45.0, 1004.0, 0
11.0, -52.0, 1330, 5, 2005, 7, 12, 224, 18, 45.0, 1004.0, 0
11.0, -53.7, 1330, 5, 2005, 7, 13, 225, 0, 45.0, 1003.0, 0
11.1, -55.4, 1330, 5, 2005, 7, 13, 225, 6, 45.0, 1003.0, 0
11.2, -57.2, 1330, 5, 2005, 7, 13, 225, 12, 50.0, 1003.0, 0
11.4, -58.9, 1330, 5, 2005, 7, 13, 225, 18, 55.0, 1003.0, 0
11.6, -60.2, 1330, 5, 2005, 7, 14, 226, 0, 70.0, 999.0, 0
11.9, -61.5, 1330, 5, 2005, 7, 14, 226, 6, 75.0, 991.0, 1
12.4, -63.2, 1330, 5, 2005, 7, 14, 226, 12, 85.0, 980.0, 1
12.9, -64.9, 1330, 5, 2005, 7, 14, 226, 18, 100.0, 971.0, 2
13.3, -66.7, 1330, 5, 2005, 7, 15, 227, 0, 110.0, 959.0, 2
13.7, -68.4, 1330, 5, 2005, 7, 15, 227, 6, 115.0, 952.0, 3
14.1, -70.1, 1330, 5, 2005, 7, 15, 227, 12, 115.0, 964.0, 3
14.5, -71.8, 1330, 5, 2005, 7, 15, 227, 18, 95.0, 969.0, 1
14.9, -73.4, 1330, 5, 2005, 7, 16, 228, 0, 110.0, 958.0, 2
15.4, -75.0, 1330, 5, 2005, 7, 16, 228, 6, 120.0, 953.0, 3
15.9, -76.5, 1330, 5, 2005, 7, 16, 228, 12, 130.0, 944.0, 3
16.4, -78.0, 1330, 5, 2005, 7, 16, 228, 18, 135.0, 937.0, 4
17.1, -79.5, 1330, 5, 2005, 7, 17, 229, 0, 140.0, 929.0, 4
17.7, -81.2, 1330, 5, 2005, 7, 17, 229, 6, 135.0, 940.0, 4
18.3, -82.8, 1330, 5, 2005, 7, 17, 229, 12, 130.0, 946.0, 3
18.9, -84.3, 1330, 5, 2005, 7, 17, 229, 18, 125.0, 948.0, 3
19.5, -85.8, 1330, 5, 2005, 7, 18, 230, 0, 120.0, 951.0, 3
20.3, -87.3, 1330, 5, 2005, 7, 18, 230, 6, 115.0, 955.0, 3
21.3, -88.9, 1330, 5, 2005, 7, 18, 230, 12, 65.0, 975.0, 0
22.0, -90.3, 1330, 5, 2005, 7, 18, 230, 18, 65.0, 984.0, 0
22.6, -91.5, 1330, 5, 2005, 7, 19, 231, 0, 75.0, 981.0, 1
23.2, -92.8, 1330, 5, 2005, 7, 19, 231, 6, 80.0, 980.0, 1
23.7, -94.0, 1330, 5, 2005, 7, 19, 231, 12, 80.0, 977.0, 1
24.1, -95.1, 1330, 5, 2005, 7, 19, 231, 18, 85.0, 959.0, 1
24.4, -96.1, 1330, 5, 2005, 7, 20, 232, 0, 110.0, 948.0, 2
24.6, -96.9, 1330, 5, 2005, 7, 20, 232, 6, 110.0, 944.0, 2
24.8, -97.6, 1330, 5, 2005, 7, 20, 232, 12, 110.0, 944.0, 2
25.0, -98.7, 1330, 5, 2005, 7, 20, 232, 18, 70.0, 975.0, 0
25.0, -99.7, 1330, 5, 2005, 7, 21, 233, 0, 45.0, 995.0, 0
25.0, -100.5, 1330, 5, 2005, 7, 21, 233, 6, 30.0, 1000.0, 0
25.0, -101.1, 1330, 5, 2005, 7, 21, 233, 12, 25.0, 1007.0, 0
25.0, -75.0, 1331, 6, 2005, 7, 21, 233, 18, 30.0, 1010.0, 0
25.7, -75.9, 1331, 6, 2005, 7, 22, 234, 0, 40.0, 1009.0, 0
26.2, -76.4, 1331, 6, 2005, 7, 22, 234, 6, 40.0, 1008.0, 0
26.6, -76.8, 1331, 6, 2005, 7, 22, 234, 12, 45.0, 1007.0, 0
27.4, -76.7, 1331, 6, 2005, 7, 22, 234, 18, 45.0, 1006.0, 0
28.1, -76.6, 1331, 6, 2005, 7, 23, 235, 0, 45.0, 1003.0, 0
28.7, -76.1, 1331, 6, 2005, 7, 23, 235, 6, 50.0, 1001.0, 0
29.2, -75.4, 1331, 6, 2005, 7, 23, 235, 12, 60.0, 1001.0, 0
29.7, -74.7, 1331, 6, 2005, 7, 23, 235, 18, 60.0, 1001.0, 0
30.1, -73.5, 1331, 6, 2005, 7, 24, 236, 0, 55.0, 1001.0, 0
30.3, -72.6, 1331, 6, 2005, 7, 24, 236, 6, 55.0, 1001.0, 0
30.7, -71.9, 1331, 6, 2005, 7, 24, 236, 12, 45.0, 1001.0, 0
31.1, -71.2, 1331, 6, 2005, 7, 24, 236, 18, 45.0, 1000.0, 0
31.1, -71.2, 1331, 6, 2005, 7, 25, 237, 0, 40.0, 1000.0, 0
31.0, -70.5, 1331, 6, 2005, 7, 25, 237, 6, 40.0, 1000.0, 0
30.9, -69.8, 1331, 6, 2005, 7, 25, 237, 12, 40.0, 999.0, 0
30.9, -69.6, 1331, 6, 2005, 7, 25, 237, 18, 40.0, 999.0, 0
30.9, -68.6, 1331, 6, 2005, 7, 26, 238, 0, 35.0, 1000.0, 0
31.2, -68.2, 1331, 6, 2005, 7, 26, 238, 6, 35.0, 1001.0, 0
31.7, -68.1, 1331, 6, 2005, 7, 26, 238, 12, 35.0, 1002.0, 0
32.2, -68.3, 1331, 6, 2005, 7, 26, 238, 18, 35.0, 1001.0, 0
32.4, -68.5, 1331, 6, 2005, 7, 27, 239, 0, 40.0, 1000.0, 0
32.8, -68.8, 1331, 6, 2005, 7, 27, 239, 6, 40.0, 1000.0, 0
33.2, -69.1, 1331, 6, 2005, 7, 27, 239, 12, 45.0, 999.0, 0
33.6, -69.3, 1331, 6, 2005, 7, 27, 239, 18, 45.0, 999.0, 0
34.2, -69.4, 1331, 6, 2005, 7, 28, 240, 0, 50.0, 997.0, 0
35.0, -69.3, 1331, 6, 2005, 7, 28, 240, 6, 50.0, 997.0, 0
36.0, -69.1, 1331, 6, 2005, 7, 28, 240, 12, 45.0, 999.0, 0
37.1, -68.0, 1331, 6, 2005, 7, 28, 240, 18, 50.0, 997.0, 0
38.4, -66.6, 1331, 6, 2005, 7, 29, 241, 0, 50.0, 997.0, 0
39.6, -64.8, 1331, 6, 2005, 7, 29, 241, 6, 50.0, 997.0, 0
40.8, -62.8, 1331, 6, 2005, 7, 29, 241, 12, 50.0, 997.0, 0
42.2, -60.2, 1331, 6, 2005, 7, 29, 241, 18, 50.0, 999.0, 0
43.5, -57.5, 1331, 6, 2005, 7, 30, 242, 0, 50.0, 1001.0, 0
44.7, -54.6, 1331, 6, 2005, 7, 30, 242, 6, 45.0, 1003.0, 0
45.8, -51.7, 1331, 6, 2005, 7, 30, 242, 12, 40.0, 1005.0, 0
46.4, -48.8, 1331, 6, 2005, 7, 30, 242, 18, 40.0, 1006.0, 0
47.5, -46.0, 1331, 6, 2005, 7, 31, 243, 0, 40.0, 1006.0, 0
19.3, -92.9, 1332, 7, 2005, 7, 23, 235, 18, 25.0, 1011.0, 0
19.8, -93.8, 1332, 7, 2005, 7, 24, 236, 0, 30.0, 1009.0, 0
20.8, -95.0, 1332, 7, 2005, 7, 24, 236, 6, 35.0, 1009.0, 0
21.0, -95.8, 1332, 7, 2005, 7, 24, 236, 12, 35.0, 1008.0, 0
21.4, -96.6, 1332, 7, 2005, 7, 24, 236, 18, 35.0, 1007.0, 0
21.8, -97.6, 1332, 7, 2005, 7, 25, 237, 0, 40.0, 1005.0, 0
22.3, -98.6, 1332, 7, 2005, 7, 25, 237, 6, 30.0, 1006.0, 0
22.5, -100.0, 1332, 7, 2005, 7, 25, 237, 12, 25.0, 1006.0, 0
22.5, -101.4, 1332, 7, 2005, 7, 25, 237, 18, 20.0, 1007.0, 0
28.2, -68.8, 1333, 8, 2005, 8, 2, 245, 18, 30.0, 1006.0, 0
28.9, -68.7, 1333, 8, 2005, 8, 3, 246, 0, 30.0, 1005.0, 0
29.5, -68.6, 1333, 8, 2005, 8, 3, 246, 6, 40.0, 1003.0, 0
30.3, -68.3, 1333, 8, 2005, 8, 3, 246, 12, 45.0, 1001.0, 0
30.9, -67.7, 1333, 8, 2005, 8, 3, 246, 18, 50.0, 999.0, 0
31.3, -66.4, 1333, 8, 2005, 8, 4, 247, 0, 50.0, 997.0, 0
31.6, -65.0, 1333, 8, 2005, 8, 4, 247, 6, 50.0, 995.0, 0
31.9, -63.6, 1333, 8, 2005, 8, 4, 247, 12, 50.0, 995.0, 0
32.0, -62.1, 1333, 8, 2005, 8, 4, 247, 18, 55.0, 994.0, 0
32.1, -60.5, 1333, 8, 2005, 8, 5, 248, 0, 55.0, 994.0, 0
32.4, -59.4, 1333, 8, 2005, 8, 5, 248, 6, 55.0, 994.0, 0
32.5, -58.5, 1333, 8, 2005, 8, 5, 248, 12, 50.0, 995.0, 0
32.5, -57.7, 1333, 8, 2005, 8, 5, 248, 18, 45.0, 997.0, 0
32.6, -57.1, 1333, 8, 2005, 8, 6, 249, 0, 45.0, 997.0, 0
33.0, -56.8, 1333, 8, 2005, 8, 6, 249, 6, 50.0, 995.0, 0
33.5, -56.7, 1333, 8, 2005, 8, 6, 249, 12, 50.0, 995.0, 0
33.5, -56.7, 1333, 8, 2005, 8, 6, 249, 18, 50.0, 995.0, 0
34.1, -55.5, 1333, 8, 2005, 8, 7, 250, 0, 50.0, 995.0, 0
35.1, -54.9, 1333, 8, 2005, 8, 7, 250, 6, 50.0, 995.0, 0
36.0, -54.0, 1333, 8, 2005, 8, 7, 250, 12, 45.0, 998.0, 0
36.8, -52.9, 1333, 8, 2005, 8, 7, 250, 18, 45.0, 998.0, 0
37.6, -51.9, 1333, 8, 2005, 8, 8, 251, 0, 45.0, 998.0, 0
38.6, -50.7, 1333, 8, 2005, 8, 8, 251, 6, 45.0, 998.0, 0
39.6, -48.6, 1333, 8, 2005, 8, 8, 251, 12, 45.0, 998.0, 0
40.4, -46.9, 1333, 8, 2005, 8, 8, 251, 18, 45.0, 998.0, 0
41.2, -45.0, 1333, 8, 2005, 8, 9, 252, 0, 45.0, 997.0, 0
41.8, -43.0, 1333, 8, 2005, 8, 9, 252, 6, 50.0, 995.0, 0
42.3, -41.1, 1333, 8, 2005, 8, 9, 252, 12, 50.0, 995.0, 0
43.0, -39.0, 1333, 8, 2005, 8, 9, 252, 18, 50.0, 994.0, 0
44.0, -37.1, 1333, 8, 2005, 8, 10, 253, 0, 50.0, 994.0, 0
44.5, -35.2, 1333, 8, 2005, 8, 10, 253, 6, 50.0, 994.0, 0
44.5, -34.1, 1333, 8, 2005, 8, 10, 253, 12, 50.0, 994.0, 0
44.4, -33.1, 1333, 8, 2005, 8, 10, 253, 18, 50.0, 994.0, 0
44.2, -32.2, 1333, 8, 2005, 8, 11, 254, 0, 45.0, 997.0, 0
43.9, -31.5, 1333, 8, 2005, 8, 11, 254, 6, 40.0, 1000.0, 0
43.5, -31.0, 1333, 8, 2005, 8, 11, 254, 12, 35.0, 1003.0, 0
43.3, -30.7, 1333, 8, 2005, 8, 11, 254, 18, 30.0, 1005.0, 0
43.0, -30.5, 1333, 8, 2005, 8, 12, 255, 0, 30.0, 1007.0, 0
42.5, -30.8, 1333, 8, 2005, 8, 12, 255, 6, 30.0, 1008.0, 0
42.0, -31.4, 1333, 8, 2005, 8, 12, 255, 12, 30.0, 1009.0, 0
41.3, -31.5, 1333, 8, 2005, 8, 12, 255, 18, 25.0, 1010.0, 0
40.7, -31.5, 1333, 8, 2005, 8, 13, 256, 0, 25.0, 1010.0, 0
40.5, -31.5, 1333, 8, 2005, 8, 13, 256, 6, 25.0, 1011.0, 0
40.5, -31.5, 1333, 8, 2005, 8, 13, 256, 12, 25.0, 1011.0, 0
41.2, -32.0, 1333, 8, 2005, 8, 13, 256, 18, 25.0, 1012.0, 0
42.0, -32.5, 1333, 8, 2005, 8, 14, 257, 0, 25.0, 1015.0, 0
12.9, -33.5, 1334, 9, 2005, 8, 4, 247, 18, 25.0, 1009.0, 0
13.6, -34.5, 1334, 9, 2005, 8, 5, 248, 0, 25.0, 1009.0, 0
14.6, -35.5, 1334, 9, 2005, 8, 5, 248, 6, 25.0, 1009.0, 0
15.6, -36.8, 1334, 9, 2005, 8, 5, 248, 12, 30.0, 1008.0, 0
16.6, -38.4, 1334, 9, 2005, 8, 5, 248, 18, 30.0, 1008.0, 0
17.2, -39.8, 1334, 9, 2005, 8, 6, 249, 0, 30.0, 1008.0, 0
17.7, -40.5, 1334, 9, 2005, 8, 6, 249, 6, 30.0, 1008.0, 0
18.2, -41.6, 1334, 9, 2005, 8, 6, 249, 12, 30.0, 1008.0, 0
18.8, -42.8, 1334, 9, 2005, 8, 6, 249, 18, 30.0, 1008.0, 0
19.3, -43.5, 1334, 9, 2005, 8, 7, 250, 0, 30.0, 1008.0, 0
19.7, -44.2, 1334, 9, 2005, 8, 7, 250, 6, 30.0, 1007.0, 0
20.2, -45.0, 1334, 9, 2005, 8, 7, 250, 12, 35.0, 1005.0, 0
20.8, -46.0, 1334, 9, 2005, 8, 7, 250, 18, 35.0, 1005.0, 0
21.3, -47.2, 1334, 9, 2005, 8, 8, 251, 0, 35.0, 1005.0, 0
21.8, -48.3, 1334, 9, 2005, 8, 8, 251, 6, 35.0, 1006.0, 0
22.2, -49.9, 1334, 9, 2005, 8, 8, 251, 12, 30.0, 1009.0, 0
22.4, -50.9, 1334, 9, 2005, 8, 8, 251, 18, 30.0, 1009.0, 0
22.5, -52.0, 1334, 9, 2005, 8, 9, 252, 0, 30.0, 1009.0, 0
22.4, -52.9, 1334, 9, 2005, 8, 9, 252, 6, 30.0, 1009.0, 0
22.4, -53.7, 1334, 9, 2005, 8, 9, 252, 12, 30.0, 1009.0, 0
22.4, -54.8, 1334, 9, 2005, 8, 9, 252, 18, 30.0, 1009.0, 0
22.4, -55.7, 1334, 9, 2005, 8, 10, 253, 0, 30.0, 1009.0, 0
22.3, -56.5, 1334, 9, 2005, 8, 10, 253, 6, 30.0, 1009.0, 0
22.4, -57.2, 1334, 9, 2005, 8, 10, 253, 12, 30.0, 1009.0, 0
22.8, -58.1, 1334, 9, 2005, 8, 10, 253, 18, 30.0, 1008.0, 0
23.3, -59.3, 1334, 9, 2005, 8, 11, 254, 0, 35.0, 1005.0, 0
23.9, -60.4, 1334, 9, 2005, 8, 11, 254, 6, 40.0, 1003.0, 0
24.7, -61.7, 1334, 9, 2005, 8, 11, 254, 12, 45.0, 1001.0, 0
25.4, -62.9, 1334, 9, 2005, 8, 11, 254, 18, 45.0, 1001.0, 0
26.3, -63.8, 1334, 9, 2005, 8, 12, 255, 0, 45.0, 1001.0, 0
27.2, -65.1, 1334, 9, 2005, 8, 12, 255, 6, 55.0, 998.0, 0
27.9, -66.3, 1334, 9, 2005, 8, 12, 255, 12, 55.0, 996.0, 0
28.4, -67.1, 1334, 9, 2005, 8, 12, 255, 18, 55.0, 995.0, 0
28.9, -67.7, 1334, 9, 2005, 8, 13, 256, 0, 60.0, 993.0, 0
29.6, -68.2, 1334, 9, 2005, 8, 13, 256, 6, 60.0, 996.0, 0
30.0, -69.0, 1334, 9, 2005, 8, 13, 256, 12, 60.0, 997.0, 0
30.8, -69.4, 1334, 9, 2005, 8, 13, 256, 18, 60.0, 1000.0, 0
31.6, -69.9, 1334, 9, 2005, 8, 14, 257, 0, 60.0, 997.0, 0
32.1, -70.2, 1334, 9, 2005, 8, 14, 257, 6, 55.0, 999.0, 0
33.1, -70.1, 1334, 9, 2005, 8, 14, 257, 12, 55.0, 999.0, 0
34.0, -70.0, 1334, 9, 2005, 8, 14, 257, 18, 60.0, 994.0, 0
34.9, -69.5, 1334, 9, 2005, 8, 15, 258, 0, 70.0, 989.0, 0
35.7, -68.7, 1334, 9, 2005, 8, 15, 258, 6, 75.0, 985.0, 1
36.3, -67.7, 1334, 9, 2005, 8, 15, 258, 12, 75.0, 985.0, 1
36.5, -66.5, 1334, 9, 2005, 8, 15, 258, 18, 80.0, 980.0, 1
36.6, -65.1, 1334, 9, 2005, 8, 16, 259, 0, 80.0, 980.0, 1
36.6, -64.0, 1334, 9, 2005, 8, 16, 259, 6, 80.0, 978.0, 1
36.6, -63.0, 1334, 9, 2005, 8, 16, 259, 12, 85.0, 975.0, 1
36.5, -62.0, 1334, 9, 2005, 8, 16, 259, 18, 90.0, 970.0, 1
36.5, -61.3, 1334, 9, 2005, 8, 17, 260, 0, 80.0, 978.0, 1
36.5, -60.6, 1334, 9, 2005, 8, 17, 260, 6, 75.0, 983.0, 1
36.9, -59.1, 1334, 9, 2005, 8, 17, 260, 12, 65.0, 987.0, 0
37.6, -57.3, 1334, 9, 2005, 8, 17, 260, 18, 65.0, 987.0, 0
38.6, -55.0, 1334, 9, 2005, 8, 18, 261, 0, 60.0, 990.0, 0
40.3, -52.3, 1334, 9, 2005, 8, 18, 261, 6, 60.0, 990.0, 0
43.3, -48.9, 1334, 9, 2005, 8, 18, 261, 12, 50.0, 992.0, 0
19.4, -94.5, 1335, 10, 2005, 8, 22, 265, 12, 30.0, 1006.0, 0
19.6, -95.0, 1335, 10, 2005, 8, 22, 265, 18, 35.0, 1004.0, 0
19.7, -95.7, 1335, 10, 2005, 8, 23, 266, 0, 45.0, 1001.0, 0
19.7, -96.7, 1335, 10, 2005, 8, 23, 266, 6, 35.0, 1002.0, 0
19.7, -97.7, 1335, 10, 2005, 8, 23, 266, 12, 25.0, 1005.0, 0
23.1, -75.1, 1336, 11, 2005, 8, 23, 266, 18, 30.0, 1008.0, 0
23.4, -75.7, 1336, 11, 2005, 8, 24, 267, 0, 30.0, 1007.0, 0
23.8, -76.2, 1336, 11, 2005, 8, 24, 267, 6, 30.0, 1007.0, 0
24.5, -76.5, 1336, 11, 2005, 8, 24, 267, 12, 35.0, 1006.0, 0
25.4, -76.9, 1336, 11, 2005, 8, 24, 267, 18, 40.0, 1003.0, 0
26.0, -77.7, 1336, 11, 2005, 8, 25, 268, 0, 45.0, 1000.0, 0
26.1, -78.4, 1336, 11, 2005, 8, 25, 268, 6, 50.0, 997.0, 0
26.2, -79.0, 1336, 11, 2005, 8, 25, 268, 12, 55.0, 994.0, 0
26.2, -79.6, 1336, 11, 2005, 8, 25, 268, 18, 60.0, 988.0, 0
25.9, -80.3, 1336, 11, 2005, 8, 26, 269, 0, 70.0, 983.0, 0
25.4, -81.3, 1336, 11, 2005, 8, 26, 269, 6, 65.0, 987.0, 0
25.1, -82.0, 1336, 11, 2005, 8, 26, 269, 12, 75.0, 979.0, 1
24.9, -82.6, 1336, 11, 2005, 8, 26, 269, 18, 85.0, 968.0, 1
24.6, -83.3, 1336, 11, 2005, 8, 27, 270, 0, 90.0, 959.0, 1
24.4, -84.0, 1336, 11, 2005, 8, 27, 270, 6, 95.0, 950.0, 1
24.4, -84.7, 1336, 11, 2005, 8, 27, 270, 12, 100.0, 942.0, 2
24.5, -85.3, 1336, 11, 2005, 8, 27, 270, 18, 100.0, 948.0, 2
24.8, -85.9, 1336, 11, 2005, 8, 28, 271, 0, 100.0, 941.0, 2
25.2, -86.7, 1336, 11, 2005, 8, 28, 271, 6, 125.0, 930.0, 3
25.7, -87.7, 1336, 11, 2005, 8, 28, 271, 12, 145.0, 909.0, 4
26.3, -88.6, 1336, 11, 2005, 8, 28, 271, 18, 150.0, 902.0, 4
27.2, -89.2, 1336, 11, 2005, 8, 29, 272, 0, 140.0, 905.0, 4
28.2, -89.6, 1336, 11, 2005, 8, 29, 272, 6, 125.0, 913.0, 3
29.5, -89.6, 1336, 11, 2005, 8, 29, 272, 12, 110.0, 923.0, 2
31.1, -89.6, 1336, 11, 2005, 8, 29, 272, 18, 80.0, 948.0, 1
32.6, -89.1, 1336, 11, 2005, 8, 30, 273, 0, 50.0, 961.0, 0
34.1, -88.6, 1336, 11, 2005, 8, 30, 273, 6, 40.0, 978.0, 0
35.6, -88.0, 1336, 11, 2005, 8, 30, 273, 12, 30.0, 985.0, 0
37.0, -87.0, 1336, 11, 2005, 8, 30, 273, 18, 30.0, 990.0, 0
38.6, -85.3, 1336, 11, 2005, 8, 31, 274, 0, 30.0, 994.0, 0
40.1, -82.9, 1336, 11, 2005, 8, 31, 274, 6, 25.0, 996.0, 0
14.0, -45.1, 1337, 12, 2005, 8, 28, 271, 12, 25.0, 1009.0, 0
14.9, -46.4, 1337, 12, 2005, 8, 28, 271, 18, 25.0, 1007.0, 0
15.7, -47.6, 1337, 12, 2005, 8, 29, 272, 0, 25.0, 1007.0, 0
17.0, -48.9, 1337, 12, 2005, 8, 29, 272, 6, 25.0, 1007.0, 0
17.7, -50.6, 1337, 12, 2005, 8, 29, 272, 12, 25.0, 1008.0, 0
18.5, -52.5, 1337, 12, 2005, 8, 29, 272, 18, 20.0, 1009.0, 0
20.5, -53.2, 1337, 12, 2005, 8, 30, 273, 0, 20.0, 1010.0, 0
22.1, -53.6, 1337, 12, 2005, 8, 30, 273, 6, 20.0, 1010.0, 0
24.2, -54.2, 1337, 12, 2005, 8, 30, 273, 12, 20.0, 1010.0, 0
25.5, -53.6, 1337, 12, 2005, 8, 30, 273, 18, 25.0, 1010.0, 0
26.9, -52.7, 1337, 12, 2005, 8, 31, 274, 0, 25.0, 1010.0, 0
28.0, -51.6, 1337, 12, 2005, 8, 31, 274, 6, 30.0, 1007.0, 0
29.0, -50.4, 1337, 12, 2005, 8, 31, 274, 12, 35.0, 1006.0, 0
30.1, -50.1, 1337, 12, 2005, 8, 31, 274, 18, 35.0, 1007.0, 0
31.1, -50.3, 1337, 12, 2005, 9, 1, 274, 0, 30.0, 1009.0, 0
31.9, -51.2, 1337, 12, 2005, 9, 1, 274, 6, 30.0, 1010.0, 0
31.9, -51.4, 1337, 12, 2005, 9, 1, 274, 12, 30.0, 1010.0, 0
32.3, -51.5, 1337, 12, 2005, 9, 1, 274, 18, 30.0, 1010.0, 0
32.4, -52.0, 1337, 12, 2005, 9, 2, 275, 0, 25.0, 1010.0, 0
32.6, -52.3, 1337, 12, 2005, 9, 2, 275, 6, 25.0, 1010.0, 0
33.2, -52.3, 1337, 12, 2005, 9, 2, 275, 12, 25.0, 1010.0, 0
33.9, -52.7, 1337, 12, 2005, 9, 2, 275, 18, 25.0, 1010.0, 0
34.7, -53.2, 1337, 12, 2005, 9, 3, 276, 0, 25.0, 1010.0, 0
35.5, -53.9, 1337, 12, 2005, 9, 3, 276, 6, 25.0, 1010.0, 0
36.6, -54.2, 1337, 12, 2005, 9, 3, 276, 12, 25.0, 1010.0, 0
37.4, -53.9, 1337, 12, 2005, 9, 3, 276, 18, 25.0, 1010.0, 0
18.8, -45.5, 1338, 13, 2005, 9, 1, 274, 12, 30.0, 1008.0, 0
19.3, -46.2, 1338, 13, 2005, 9, 1, 274, 18, 30.0, 1008.0, 0
19.9, -47.2, 1338, 13, 2005, 9, 2, 275, 0, 30.0, 1008.0, 0
20.5, -48.3, 1338, 13, 2005, 9, 2, 275, 6, 30.0, 1008.0, 0
21.1, -49.4, 1338, 13, 2005, 9, 2, 275, 12, 35.0, 1006.0, 0
21.5, -50.2, 1338, 13, 2005, 9, 2, 275, 18, 40.0, 1003.0, 0
22.0, -51.0, 1338, 13, 2005, 9, 3, 276, 0, 45.0, 1001.0, 0
23.0, -52.0, 1338, 13, 2005, 9, 3, 276, 6, 45.0, 1000.0, 0
24.4, -53.1, 1338, 13, 2005, 9, 3, 276, 12, 50.0, 997.0, 0
25.5, -54.0, 1338, 13, 2005, 9, 3, 276, 18, 55.0, 994.0, 0
26.5, -54.6, 1338, 13, 2005, 9, 4, 277, 0, 60.0, 990.0, 0
27.5, -55.1, 1338, 13, 2005, 9, 4, 277, 6, 65.0, 987.0, 0
28.6, -55.5, 1338, 13, 2005, 9, 4, 277, 12, 65.0, 987.0, 0
29.6, -56.0, 1338, 13, 2005, 9, 4, 277, 18, 75.0, 980.0, 1
30.2, -56.5, 1338, 13, 2005, 9, 5, 278, 0, 75.0, 980.0, 1
30.9, -56.8, 1338, 13, 2005, 9, 5, 278, 6, 80.0, 977.0, 1
31.5, -56.8, 1338, 13, 2005, 9, 5, 278, 12, 85.0, 975.0, 1
32.1, -56.7, 1338, 13, 2005, 9, 5, 278, 18, 90.0, 970.0, 1
32.6, -56.6, 1338, 13, 2005, 9, 6, 279, 0, 100.0, 962.0, 2
33.0, -56.5, 1338, 13, 2005, 9, 6, 279, 6, 90.0, 970.0, 1
33.5, -56.0, 1338, 13, 2005, 9, 6, 279, 12, 80.0, 975.0, 1
33.9, -55.4, 1338, 13, 2005, 9, 6, 279, 18, 75.0, 980.0, 1
34.4, -54.6, 1338, 13, 2005, 9, 7, 280, 0, 65.0, 987.0, 0
34.8, -53.3, 1338, 13, 2005, 9, 7, 280, 6, 70.0, 983.0, 0
35.6, -51.8, 1338, 13, 2005, 9, 7, 280, 12, 75.0, 980.0, 1
36.5, -50.8, 1338, 13, 2005, 9, 7, 280, 18, 75.0, 980.0, 1
37.2, -49.9, 1338, 13, 2005, 9, 8, 281, 0, 70.0, 982.0, 0
37.9, -49.0, 1338, 13, 2005, 9, 8, 281, 6, 65.0, 985.0, 0
38.7, -48.0, 1338, 13, 2005, 9, 8, 281, 12, 65.0, 985.0, 0
39.1, -47.2, 1338, 13, 2005, 9, 8, 281, 18, 65.0, 985.0, 0
39.4, -46.4, 1338, 13, 2005, 9, 9, 282, 0, 60.0, 987.0, 0
39.8, -44.9, 1338, 13, 2005, 9, 9, 282, 6, 55.0, 987.0, 0
40.4, -43.4, 1338, 13, 2005, 9, 9, 282, 12, 55.0, 988.0, 0
41.1, -42.1, 1338, 13, 2005, 9, 9, 282, 18, 50.0, 988.0, 0
41.9, -40.6, 1338, 13, 2005, 9, 10, 283, 0, 50.0, 988.0, 0
42.9, -39.2, 1338, 13, 2005, 9, 10, 283, 6, 50.0, 988.0, 0
44.5, -37.7, 1338, 13, 2005, 9, 10, 283, 12, 50.0, 980.0, 0
46.0, -36.3, 1338, 13, 2005, 9, 10, 283, 18, 55.0, 975.0, 0
48.0, -35.0, 1338, 13, 2005, 9, 11, 284, 0, 60.0, 975.0, 0
50.0, -34.0, 1338, 13, 2005, 9, 11, 284, 6, 60.0, 974.0, 0
52.0, -32.9, 1338, 13, 2005, 9, 11, 284, 12, 65.0, 971.0, 0
54.0, -32.0, 1338, 13, 2005, 9, 11, 284, 18, 65.0, 968.0, 0
55.5, -31.0, 1338, 13, 2005, 9, 12, 285, 0, 65.0, 962.0, 0
57.0, -29.0, 1338, 13, 2005, 9, 12, 285, 6, 65.0, 967.0, 0
58.5, -26.0, 1338, 13, 2005, 9, 12, 285, 12, 65.0, 970.0, 0
61.0, -23.0, 1338, 13, 2005, 9, 12, 285, 18, 60.0, 972.0, 0
62.0, -21.0, 1338, 13, 2005, 9, 13, 286, 0, 55.0, 974.0, 0
62.9, -19.0, 1338, 13, 2005, 9, 13, 286, 6, 50.0, 976.0, 0
63.5, -16.0, 1338, 13, 2005, 9, 13, 286, 12, 45.0, 980.0, 0
63.0, -10.0, 1338, 13, 2005, 9, 13, 286, 18, 45.0, 983.0, 0
63.0, -0.0, 1338, 13, 2005, 9, 14, 287, 0, 45.0, 984.0, 0
28.4, -67.0, 1339, 14, 2005, 9, 5, 278, 18, 30.0, 1008.0, 0
28.4, -66.6, 1339, 14, 2005, 9, 6, 279, 0, 35.0, 1005.0, 0
28.5, -66.5, 1339, 14, 2005, 9, 6, 279, 6, 40.0, 1002.0, 0
28.5, -66.5, 1339, 14, 2005, 9, 6, 279, 12, 50.0, 1000.0, 0
28.6, -66.4, 1339, 14, 2005, 9, 6, 279, 18, 50.0, 997.0, 0
28.7, -66.3, 1339, 14, 2005, 9, 7, 280, 0, 55.0, 994.0, 0
28.7, -66.3, 1339, 14, 2005, 9, 7, 280, 6, 60.0, 990.0, 0
28.9, -66.2, 1339, 14, 2005, 9, 7, 280, 12, 65.0, 987.0, 0
29.3, -66.0, 1339, 14, 2005, 9, 7, 280, 18, 70.0, 985.0, 0
29.6, -65.7, 1339, 14, 2005, 9, 8, 281, 0, 75.0, 984.0, 1
30.0, -65.0, 1339, 14, 2005, 9, 8, 281, 6, 75.0, 982.0, 1
30.5, -63.8, 1339, 14, 2005, 9, 8, 281, 12, 75.0, 982.0, 1
31.4, -62.7, 1339, 14, 2005, 9, 8, 281, 18, 75.0, 982.0, 1
32.6, -61.1, 1339, 14, 2005, 9, 9, 282, 0, 80.0, 979.0, 1
33.4, -59.1, 1339, 14, 2005, 9, 9, 282, 6, 70.0, 985.0, 0
34.0, -55.8, 1339, 14, 2005, 9, 9, 282, 12, 65.0, 986.0, 0
34.5, -53.4, 1339, 14, 2005, 9, 9, 282, 18, 55.0, 991.0, 0
34.7, -50.8, 1339, 14, 2005, 9, 10, 283, 0, 55.0, 997.0, 0
34.6, -49.0, 1339, 14, 2005, 9, 10, 283, 6, 45.0, 997.0, 0
34.5, -45.9, 1339, 14, 2005, 9, 10, 283, 12, 45.0, 997.0, 0
34.9, -44.1, 1339, 14, 2005, 9, 10, 283, 18, 45.0, 997.0, 0
35.2, -42.1, 1339, 14, 2005, 9, 11, 284, 0, 40.0, 999.0, 0
36.0, -40.6, 1339, 14, 2005, 9, 11, 284, 6, 40.0, 1000.0, 0
37.4, -38.3, 1339, 14, 2005, 9, 11, 284, 12, 40.0, 1001.0, 0
39.2, -35.6, 1339, 14, 2005, 9, 11, 284, 18, 40.0, 1001.0, 0
41.6, -33.3, 1339, 14, 2005, 9, 12, 285, 0, 40.0, 1002.0, 0
43.5, -32.0, 1339, 14, 2005, 9, 12, 285, 6, 35.0, 1002.0, 0
44.0, -28.1, 1339, 14, 2005, 9, 12, 285, 12, 35.0, 1003.0, 0
46.0, -25.0, 1339, 14, 2005, 9, 12, 285, 18, 35.0, 1003.0, 0
25.8, -78.6, 1340, 15, 2005, 9, 6, 279, 6, 25.0, 1009.0, 0
26.3, -78.3, 1340, 15, 2005, 9, 6, 279, 12, 25.0, 1010.0, 0
26.8, -78.3, 1340, 15, 2005, 9, 6, 279, 18, 25.0, 1010.0, 0
27.4, -78.5, 1340, 15, 2005, 9, 7, 280, 0, 30.0, 1006.0, 0
27.9, -78.8, 1340, 15, 2005, 9, 7, 280, 6, 35.0, 1003.0, 0
28.7, -79.2, 1340, 15, 2005, 9, 7, 280, 12, 40.0, 1000.0, 0
28.8, -79.3, 1340, 15, 2005, 9, 7, 280, 18, 45.0, 997.0, 0
28.8, -79.3, 1340, 15, 2005, 9, 8, 281, 0, 45.0, 994.0, 0
28.7, -79.6, 1340, 15, 2005, 9, 8, 281, 6, 50.0, 994.0, 0
28.6, -79.6, 1340, 15, 2005, 9, 8, 281, 12, 55.0, 988.0, 0
28.6, -79.5, 1340, 15, 2005, 9, 8, 281, 18, 60.0, 988.0, 0
28.6, -79.3, 1340, 15, 2005, 9, 9, 282, 0, 65.0, 990.0, 0
28.9, -79.3, 1340, 15, 2005, 9, 9, 282, 6, 55.0, 990.0, 0
29.3, -79.1, 1340, 15, 2005, 9, 9, 282, 12, 55.0, 983.0, 0
29.8, -78.5, 1340, 15, 2005, 9, 9, 282, 18, 65.0, 983.0, 0
30.2, -77.5, 1340, 15, 2005, 9, 10, 283, 0, 60.0, 983.0, 0
30.9, -76.9, 1340, 15, 2005, 9, 10, 283, 6, 60.0, 984.0, 0
31.5, -76.6, 1340, 15, 2005, 9, 10, 283, 12, 65.0, 976.0, 0
31.7, -76.2, 1340, 15, 2005, 9, 10, 283, 18, 70.0, 977.0, 0
31.8, -75.9, 1340, 15, 2005, 9, 11, 284, 0, 70.0, 977.0, 0
31.7, -75.9, 1340, 15, 2005, 9, 11, 284, 6, 75.0, 978.0, 1
31.6, -75.7, 1340, 15, 2005, 9, 11, 284, 12, 70.0, 978.0, 0
31.4, -75.9, 1340, 15, 2005, 9, 11, 284, 18, 65.0, 978.0, 0
31.2, -76.2, 1340, 15, 2005, 9, 12, 285, 0, 60.0, 980.0, 0
31.2, -76.6, 1340, 15, 2005, 9, 12, 285, 6, 60.0, 985.0, 0
31.5, -76.9, 1340, 15, 2005, 9, 12, 285, 12, 55.0, 988.0, 0
31.7, -77.3, 1340, 15, 2005, 9, 12, 285, 18, 60.0, 989.0, 0
31.8, -77.7, 1340, 15, 2005, 9, 13, 286, 0, 60.0, 989.0, 0
31.9, -77.9, 1340, 15, 2005, 9, 13, 286, 6, 60.0, 990.0, 0
32.1, -78.0, 1340, 15, 2005, 9, 13, 286, 12, 60.0, 989.0, 0
32.3, -78.1, 1340, 15, 2005, 9, 13, 286, 18, 60.0, 988.0, 0
32.6, -78.1, 1340, 15, 2005, 9, 14, 287, 0, 65.0, 985.0, 0
32.9, -78.0, 1340, 15, 2005, 9, 14, 287, 6, 70.0, 980.0, 0
33.4, -77.7, 1340, 15, 2005, 9, 14, 287, 12, 75.0, 980.0, 1
33.9, -77.5, 1340, 15, 2005, 9, 14, 287, 18, 75.0, 979.0, 1
34.2, -76.9, 1340, 15, 2005, 9, 15, 288, 0, 75.0, 979.0, 1
34.5, -76.3, 1340, 15, 2005, 9, 15, 288, 6, 70.0, 982.0, 0
34.7, -75.8, 1340, 15, 2005, 9, 15, 288, 12, 65.0, 984.0, 0
34.7, -75.6, 1340, 15, 2005, 9, 15, 288, 18, 65.0, 986.0, 0
34.6, -75.1, 1340, 15, 2005, 9, 16, 289, 0, 60.0, 987.0, 0
34.7, -74.8, 1340, 15, 2005, 9, 16, 289, 6, 55.0, 993.0, 0
35.4, -74.4, 1340, 15, 2005, 9, 16, 289, 12, 50.0, 995.0, 0
36.4, -73.6, 1340, 15, 2005, 9, 16, 289, 18, 55.0, 993.0, 0
37.3, -72.7, 1340, 15, 2005, 9, 17, 290, 0, 55.0, 995.0, 0
38.7, -71.4, 1340, 15, 2005, 9, 17, 290, 6, 50.0, 1000.0, 0
40.0, -69.7, 1340, 15, 2005, 9, 17, 290, 12, 50.0, 997.0, 0
41.6, -67.3, 1340, 15, 2005, 9, 17, 290, 18, 50.0, 995.0, 0
43.2, -64.9, 1340, 15, 2005, 9, 18, 291, 0, 45.0, 996.0, 0
44.8, -62.6, 1340, 15, 2005, 9, 18, 291, 6, 45.0, 1000.0, 0
46.2, -59.9, 1340, 15, 2005, 9, 18, 291, 12, 45.0, 1000.0, 0
47.4, -56.2, 1340, 15, 2005, 9, 18, 291, 18, 45.0, 999.0, 0
48.4, -52.3, 1340, 15, 2005, 9, 19, 292, 0, 45.0, 1000.0, 0
49.0, -48.8, 1340, 15, 2005, 9, 19, 292, 6, 45.0, 1001.0, 0
49.5, -45.7, 1340, 15, 2005, 9, 19, 292, 12, 45.0, 1000.0, 0
50.0, -42.1, 1340, 15, 2005, 9, 19, 292, 18, 45.0, 999.0, 0
50.9, -38.5, 1340, 15, 2005, 9, 20, 293, 0, 45.0, 998.0, 0
51.5, -34.7, 1340, 15, 2005, 9, 20, 293, 6, 40.0, 1000.0, 0
52.2, -30.5, 1340, 15, 2005, 9, 20, 293, 12, 40.0, 1003.0, 0
52.8, -26.5, 1340, 15, 2005, 9, 20, 293, 18, 40.0, 1001.0, 0
53.8, -22.0, 1340, 15, 2005, 9, 21, 294, 0, 40.0, 998.0, 0
55.3, -17.7, 1340, 15, 2005, 9, 21, 294, 6, 35.0, 998.0, 0
57.6, -14.6, 1340, 15, 2005, 9, 21, 294, 12, 35.0, 998.0, 0
59.8, -11.9, 1340, 15, 2005, 9, 21, 294, 18, 35.0, 996.0, 0
61.7, -8.4, 1340, 15, 2005, 9, 22, 295, 0, 35.0, 993.0, 0
63.6, -4.5, 1340, 15, 2005, 9, 22, 295, 6, 35.0, 993.0, 0
65.6, -1.0, 1340, 15, 2005, 9, 22, 295, 12, 35.0, 994.0, 0
67.5, 1.8999939, 1340, 15, 2005, 9, 22, 295, 18, 30.0, 995.0, 0
68.8, 6.600006, 1340, 15, 2005, 9, 23, 296, 0, 30.0, 997.0, 0
13.3, -54.5, 1341, 16, 2005, 9, 17, 290, 12, 30.0, 1008.0, 0
13.5, -54.9, 1341, 16, 2005, 9, 17, 290, 18, 35.0, 1007.0, 0
13.9, -55.1, 1341, 16, 2005, 9, 18, 291, 0, 40.0, 1003.0, 0
14.4, -55.3, 1341, 16, 2005, 9, 18, 291, 6, 45.0, 1000.0, 0
14.9, -55.5, 1341, 16, 2005, 9, 18, 291, 12, 50.0, 996.0, 0
15.6, -55.7, 1341, 16, 2005, 9, 18, 291, 18, 55.0, 993.0, 0
16.2, -55.8, 1341, 16, 2005, 9, 19, 292, 0, 65.0, 987.0, 0
16.7, -55.9, 1341, 16, 2005, 9, 19, 292, 6, 65.0, 987.0, 0
17.2, -56.2, 1341, 16, 2005, 9, 19, 292, 12, 65.0, 987.0, 0
17.5, -56.4, 1341, 16, 2005, 9, 19, 292, 18, 65.0, 987.0, 0
17.7, -56.6, 1341, 16, 2005, 9, 20, 293, 0, 70.0, 985.0, 0
17.9, -56.8, 1341, 16, 2005, 9, 20, 293, 6, 65.0, 987.0, 0
18.1, -57.0, 1341, 16, 2005, 9, 20, 293, 12, 60.0, 990.0, 0
18.5, -57.2, 1341, 16, 2005, 9, 20, 293, 18, 55.0, 992.0, 0
18.9, -57.2, 1341, 16, 2005, 9, 21, 294, 0, 55.0, 994.0, 0
19.4, -57.1, 1341, 16, 2005, 9, 21, 294, 6, 50.0, 997.0, 0
19.9, -57.0, 1341, 16, 2005, 9, 21, 294, 12, 45.0, 1000.0, 0
20.8, -56.9, 1341, 16, 2005, 9, 21, 294, 18, 40.0, 1001.0, 0
22.4, -56.7, 1341, 16, 2005, 9, 22, 295, 0, 35.0, 1002.0, 0
23.8, -56.8, 1341, 16, 2005, 9, 22, 295, 6, 35.0, 1003.0, 0
25.2, -57.2, 1341, 16, 2005, 9, 22, 295, 12, 35.0, 1003.0, 0
26.7, -57.6, 1341, 16, 2005, 9, 22, 295, 18, 35.0, 1003.0, 0
28.3, -58.2, 1341, 16, 2005, 9, 23, 296, 0, 35.0, 1003.0, 0
30.2, -60.1, 1341, 16, 2005, 9, 23, 296, 6, 35.0, 1003.0, 0
30.5, -62.2, 1341, 16, 2005, 9, 23, 296, 12, 30.0, 1003.0, 0
30.2, -63.7, 1341, 16, 2005, 9, 23, 296, 18, 30.0, 1003.0, 0
29.2, -63.8, 1341, 16, 2005, 9, 24, 297, 0, 30.0, 1003.0, 0
28.6, -62.8, 1341, 16, 2005, 9, 24, 297, 6, 25.0, 1004.0, 0
21.3, -69.9, 1342, 17, 2005, 9, 18, 291, 0, 25.0, 1009.0, 0
21.6, -70.7, 1342, 17, 2005, 9, 18, 291, 6, 25.0, 1009.0, 0
21.9, -71.5, 1342, 17, 2005, 9, 18, 291, 12, 30.0, 1007.0, 0
22.2, -72.3, 1342, 17, 2005, 9, 18, 291, 18, 35.0, 1005.0, 0
22.4, -73.0, 1342, 17, 2005, 9, 19, 292, 0, 45.0, 1002.0, 0
22.6, -73.8, 1342, 17, 2005, 9, 19, 292, 6, 50.0, 999.0, 0
22.8, -74.7, 1342, 17, 2005, 9, 19, 292, 12, 55.0, 997.0, 0
23.1, -75.9, 1342, 17, 2005, 9, 19, 292, 18, 60.0, 994.0, 0
23.3, -77.2, 1342, 17, 2005, 9, 20, 293, 0, 60.0, 992.0, 0
23.5, -78.8, 1342, 17, 2005, 9, 20, 293, 6, 60.0, 990.0, 0
23.7, -80.3, 1342, 17, 2005, 9, 20, 293, 12, 70.0, 985.0, 0
23.9, -81.6, 1342, 17, 2005, 9, 20, 293, 18, 85.0, 975.0, 1
24.1, -82.7, 1342, 17, 2005, 9, 21, 294, 0, 95.0, 967.0, 1
24.2, -84.0, 1342, 17, 2005, 9, 21, 294, 6, 110.0, 955.0, 2
24.2, -85.2, 1342, 17, 2005, 9, 21, 294, 12, 120.0, 941.0, 3
24.3, -86.2, 1342, 17, 2005, 9, 21, 294, 18, 145.0, 920.0, 4
24.5, -86.9, 1342, 17, 2005, 9, 22, 295, 0, 150.0, 897.0, 4
24.8, -87.6, 1342, 17, 2005, 9, 22, 295, 6, 155.0, 897.0, 4
25.2, -88.3, 1342, 17, 2005, 9, 22, 295, 12, 140.0, 908.0, 4
25.6, -89.1, 1342, 17, 2005, 9, 22, 295, 18, 125.0, 913.0, 3
26.0, -89.9, 1342, 17, 2005, 9, 23, 296, 0, 120.0, 915.0, 3
26.5, -90.7, 1342, 17, 2005, 9, 23, 296, 6, 115.0, 924.0, 3
27.1, -91.5, 1342, 17, 2005, 9, 23, 296, 12, 115.0, 927.0, 3
27.8, -92.3, 1342, 17, 2005, 9, 23, 296, 18, 110.0, 930.0, 2
28.6, -93.0, 1342, 17, 2005, 9, 24, 297, 0, 105.0, 931.0, 2
29.4, -93.6, 1342, 17, 2005, 9, 24, 297, 6, 100.0, 935.0, 2
30.5, -94.1, 1342, 17, 2005, 9, 24, 297, 12, 65.0, 949.0, 0
31.6, -94.1, 1342, 17, 2005, 9, 24, 297, 18, 45.0, 974.0, 0
32.7, -94.0, 1342, 17, 2005, 9, 25, 298, 0, 35.0, 982.0, 0
33.7, -93.6, 1342, 17, 2005, 9, 25, 298, 6, 30.0, 989.0, 0
34.7, -92.5, 1342, 17, 2005, 9, 25, 298, 12, 25.0, 995.0, 0
35.8, -91.4, 1342, 17, 2005, 9, 25, 298, 18, 25.0, 1000.0, 0
37.0, -90.1, 1342, 17, 2005, 9, 26, 299, 0, 20.0, 1003.0, 0
39.5, -88.0, 1342, 17, 2005, 9, 26, 299, 6, 20.0, 1006.0, 0
18.9, -85.6, 1343, 18, 2005, 10, 1, 305, 12, 25.0, 1007.0, 0
19.1, -86.2, 1343, 18, 2005, 10, 1, 305, 18, 30.0, 1005.0, 0
19.3, -86.7, 1343, 18, 2005, 10, 2, 306, 0, 30.0, 1004.0, 0
19.5, -87.2, 1343, 18, 2005, 10, 2, 306, 6, 40.0, 1003.0, 0
19.8, -87.9, 1343, 18, 2005, 10, 2, 306, 12, 35.0, 1003.0, 0
20.3, -88.8, 1343, 18, 2005, 10, 2, 306, 18, 35.0, 1004.0, 0
20.5, -89.8, 1343, 18, 2005, 10, 3, 307, 0, 30.0, 1003.0, 0
20.5, -91.0, 1343, 18, 2005, 10, 3, 307, 6, 35.0, 1003.0, 0
20.3, -91.7, 1343, 18, 2005, 10, 3, 307, 12, 40.0, 1000.0, 0
20.1, -92.2, 1343, 18, 2005, 10, 3, 307, 18, 50.0, 997.0, 0
19.8, -93.2, 1343, 18, 2005, 10, 4, 308, 0, 55.0, 990.0, 0
19.2, -94.1, 1343, 18, 2005, 10, 4, 308, 6, 65.0, 987.0, 0
18.6, -94.9, 1343, 18, 2005, 10, 4, 308, 12, 70.0, 977.0, 0
17.9, -95.6, 1343, 18, 2005, 10, 4, 308, 18, 45.0, 988.0, 0
17.2, -96.4, 1343, 18, 2005, 10, 5, 309, 0, 30.0, 1000.0, 0
16.9, -97.0, 1343, 18, 2005, 10, 5, 309, 6, 25.0, 1004.0, 0
33.8, -31.8, 1344, 19, 2005, 10, 4, 308, 0, 30.0, 1012.0, 0
34.8, -30.2, 1344, 19, 2005, 10, 4, 308, 6, 30.0, 1009.0, 0
35.9, -28.5, 1344, 19, 2005, 10, 4, 308, 12, 35.0, 1004.0, 0
37.1, -26.7, 1344, 19, 2005, 10, 4, 308, 18, 45.0, 997.0, 0
38.8, -25.0, 1344, 19, 2005, 10, 5, 309, 0, 45.0, 997.0, 0
41.0, -23.3, 1344, 19, 2005, 10, 5, 309, 6, 40.0, 1000.0, 0
43.6, -23.0, 1344, 19, 2005, 10, 5, 309, 12, 40.0, 1002.0, 0
27.3, -79.7, 1345, 20, 2005, 10, 5, 309, 6, 35.0, 1006.0, 0
28.3, -80.2, 1345, 20, 2005, 10, 5, 309, 12, 40.0, 1004.0, 0
29.5, -80.9, 1345, 20, 2005, 10, 5, 309, 18, 45.0, 1001.0, 0
30.5, -81.6, 1345, 20, 2005, 10, 6, 310, 0, 45.0, 1002.0, 0
31.3, -82.8, 1345, 20, 2005, 10, 6, 310, 6, 35.0, 1005.0, 0
31.8, -84.6, 1345, 20, 2005, 10, 6, 310, 12, 25.0, 1005.0, 0
31.2, -85.8, 1345, 20, 2005, 10, 6, 310, 18, 15.0, 1006.0, 0
30.3, -85.6, 1345, 20, 2005, 10, 7, 311, 0, 10.0, 1005.0, 0
32.9, -20.6, 1346, 21, 2005, 10, 8, 312, 6, 40.0, 1001.0, 0
33.0, -20.3, 1346, 21, 2005, 10, 8, 312, 12, 45.0, 1000.0, 0
33.1, -20.1, 1346, 21, 2005, 10, 8, 312, 18, 45.0, 1000.0, 0
33.2, -20.0, 1346, 21, 2005, 10, 9, 313, 0, 45.0, 999.0, 0
33.4, -19.6, 1346, 21, 2005, 10, 9, 313, 6, 50.0, 998.0, 0
33.8, -19.3, 1346, 21, 2005, 10, 9, 313, 12, 55.0, 995.0, 0
34.1, -18.9, 1346, 21, 2005, 10, 9, 313, 18, 65.0, 988.0, 0
34.3, -18.3, 1346, 21, 2005, 10, 10, 314, 0, 60.0, 990.0, 0
34.5, -17.2, 1346, 21, 2005, 10, 10, 314, 6, 50.0, 992.0, 0
34.7, -15.3, 1346, 21, 2005, 10, 10, 314, 12, 45.0, 995.0, 0
35.4, -12.8, 1346, 21, 2005, 10, 10, 314, 18, 35.0, 998.0, 0
36.1, -10.5, 1346, 21, 2005, 10, 11, 315, 0, 30.0, 1000.0, 0
36.7, -8.3, 1346, 21, 2005, 10, 11, 315, 6, 30.0, 1002.0, 0
37.7, -6.0, 1346, 21, 2005, 10, 11, 315, 12, 30.0, 1003.0, 0
17.6, -78.5, 1347, 22, 2005, 10, 15, 319, 18, 25.0, 1004.0, 0
17.6, -78.8, 1347, 22, 2005, 10, 16, 320, 0, 25.0, 1004.0, 0
17.5, -79.0, 1347, 22, 2005, 10, 16, 320, 6, 30.0, 1003.0, 0
17.5, -79.2, 1347, 22, 2005, 10, 16, 320, 12, 30.0, 1003.0, 0
17.5, -79.4, 1347, 22, 2005, 10, 16, 320, 18, 30.0, 1002.0, 0
17.4, -79.6, 1347, 22, 2005, 10, 17, 321, 0, 30.0, 1001.0, 0
16.9, -79.6, 1347, 22, 2005, 10, 17, 321, 6, 35.0, 1000.0, 0
16.3, -79.7, 1347, 22, 2005, 10, 17, 321, 12, 40.0, 999.0, 0
16.0, -79.8, 1347, 22, 2005, 10, 17, 321, 18, 45.0, 997.0, 0
15.8, -79.9, 1347, 22, 2005, 10, 18, 322, 0, 55.0, 988.0, 0
15.7, -79.9, 1347, 22, 2005, 10, 18, 322, 6, 60.0, 982.0, 0
16.2, -80.3, 1347, 22, 2005, 10, 18, 322, 12, 65.0, 979.0, 0
16.6, -81.1, 1347, 22, 2005, 10, 18, 322, 18, 75.0, 975.0, 1
16.6, -81.8, 1347, 22, 2005, 10, 19, 323, 0, 130.0, 946.0, 3
17.0, -82.2, 1347, 22, 2005, 10, 19, 323, 6, 150.0, 892.0, 4
17.3, -82.8, 1347, 22, 2005, 10, 19, 323, 12, 160.0, 882.0, 5
17.4, -83.4, 1347, 22, 2005, 10, 19, 323, 18, 140.0, 892.0, 4
17.9, -84.0, 1347, 22, 2005, 10, 20, 324, 0, 135.0, 892.0, 4
18.1, -84.7, 1347, 22, 2005, 10, 20, 324, 6, 130.0, 901.0, 3
18.3, -85.2, 1347, 22, 2005, 10, 20, 324, 12, 130.0, 910.0, 3
18.6, -85.5, 1347, 22, 2005, 10, 20, 324, 18, 130.0, 917.0, 3
19.1, -85.8, 1347, 22, 2005, 10, 21, 325, 0, 130.0, 924.0, 3
19.5, -86.1, 1347, 22, 2005, 10, 21, 325, 6, 130.0, 930.0, 3
20.1, -86.4, 1347, 22, 2005, 10, 21, 325, 12, 125.0, 929.0, 3
20.3, -86.7, 1347, 22, 2005, 10, 21, 325, 18, 120.0, 926.0, 3
20.6, -86.8, 1347, 22, 2005, 10, 22, 326, 0, 120.0, 930.0, 3
20.8, -87.0, 1347, 22, 2005, 10, 22, 326, 6, 110.0, 935.0, 2
21.0, -87.1, 1347, 22, 2005, 10, 22, 326, 12, 100.0, 947.0, 2
21.3, -87.1, 1347, 22, 2005, 10, 22, 326, 18, 85.0, 958.0, 1
21.6, -87.0, 1347, 22, 2005, 10, 23, 327, 0, 85.0, 960.0, 1
21.8, -86.8, 1347, 22, 2005, 10, 23, 327, 6, 85.0, 962.0, 1
22.4, -86.1, 1347, 22, 2005, 10, 23, 327, 12, 85.0, 961.0, 1
23.1, -85.4, 1347, 22, 2005, 10, 23, 327, 18, 90.0, 963.0, 1
24.0, -84.3, 1347, 22, 2005, 10, 24, 328, 0, 95.0, 958.0, 1
25.0, -83.1, 1347, 22, 2005, 10, 24, 328, 6, 110.0, 953.0, 2
26.2, -81.0, 1347, 22, 2005, 10, 24, 328, 12, 95.0, 950.0, 1
28.0, -78.8, 1347, 22, 2005, 10, 24, 328, 18, 105.0, 955.0, 2
30.1, -76.0, 1347, 22, 2005, 10, 25, 329, 0, 110.0, 955.0, 2
33.3, -72.0, 1347, 22, 2005, 10, 25, 329, 6, 100.0, 963.0, 2
36.8, -67.9, 1347, 22, 2005, 10, 25, 329, 12, 90.0, 970.0, 1
40.5, -63.5, 1347, 22, 2005, 10, 25, 329, 18, 75.0, 976.0, 1
42.5, -60.0, 1347, 22, 2005, 10, 26, 330, 0, 60.0, 978.0, 0
44.0, -57.5, 1347, 22, 2005, 10, 26, 330, 6, 55.0, 982.0, 0
45.0, -55.0, 1347, 22, 2005, 10, 26, 330, 12, 50.0, 986.0, 0
45.5, -52.0, 1347, 22, 2005, 10, 26, 330, 18, 40.0, 990.0, 0
15.8, -67.5, 1348, 23, 2005, 10, 22, 326, 12, 30.0, 1007.0, 0
16.5, -68.5, 1348, 23, 2005, 10, 22, 326, 18, 35.0, 1005.0, 0
17.3, -69.6, 1348, 23, 2005, 10, 23, 327, 0, 45.0, 1000.0, 0
17.8, -70.5, 1348, 23, 2005, 10, 23, 327, 6, 45.0, 998.0, 0
18.6, -72.2, 1348, 23, 2005, 10, 23, 327, 12, 35.0, 1002.0, 0
19.8, -72.7, 1348, 23, 2005, 10, 23, 327, 18, 30.0, 1004.0, 0
21.6, -72.9, 1348, 23, 2005, 10, 24, 328, 0, 30.0, 1004.0, 0
23.5, -73.0, 1348, 23, 2005, 10, 24, 328, 6, 30.0, 1004.0, 0
25.1, -72.4, 1348, 23, 2005, 10, 24, 328, 12, 30.0, 1004.0, 0
27.9, -70.8, 1348, 23, 2005, 10, 24, 328, 18, 30.0, 1004.0, 0
10.4, -80.9, 1349, 24, 2005, 10, 26, 330, 18, 30.0, 1007.0, 0
10.7, -81.1, 1349, 24, 2005, 10, 27, 331, 0, 30.0, 1007.0, 0
11.0, -81.3, 1349, 24, 2005, 10, 27, 331, 6, 35.0, 1005.0, 0
11.3, -81.3, 1349, 24, 2005, 10, 27, 331, 12, 45.0, 1000.0, 0
11.6, -81.3, 1349, 24, 2005, 10, 27, 331, 18, 50.0, 997.0, 0
11.9, -81.2, 1349, 24, 2005, 10, 28, 332, 0, 50.0, 995.0, 0
12.3, -81.1, 1349, 24, 2005, 10, 28, 332, 6, 50.0, 994.0, 0
12.8, -81.0, 1349, 24, 2005, 10, 28, 332, 12, 50.0, 993.0, 0
13.2, -81.1, 1349, 24, 2005, 10, 28, 332, 18, 50.0, 991.0, 0
13.4, -81.2, 1349, 24, 2005, 10, 29, 333, 0, 60.0, 988.0, 0
13.6, -81.4, 1349, 24, 2005, 10, 29, 333, 6, 70.0, 985.0, 0
13.7, -81.6, 1349, 24, 2005, 10, 29, 333, 12, 75.0, 982.0, 1
13.7, -82.1, 1349, 24, 2005, 10, 29, 333, 18, 75.0, 980.0, 1
13.6, -82.6, 1349, 24, 2005, 10, 30, 334, 0, 90.0, 970.0, 1
13.3, -83.1, 1349, 24, 2005, 10, 30, 334, 6, 100.0, 962.0, 2
12.9, -83.5, 1349, 24, 2005, 10, 30, 334, 12, 90.0, 970.0, 1
12.7, -84.1, 1349, 24, 2005, 10, 30, 334, 18, 55.0, 990.0, 0
12.7, -84.9, 1349, 24, 2005, 10, 31, 335, 0, 20.0, 1000.0, 0
13.2, -62.1, 1350, 25, 2005, 11, 14, 348, 0, 30.0, 1007.0, 0
13.6, -62.8, 1350, 25, 2005, 11, 14, 348, 6, 30.0, 1006.0, 0
13.8, -63.4, 1350, 25, 2005, 11, 14, 348, 12, 30.0, 1006.0, 0
14.1, -64.2, 1350, 25, 2005, 11, 14, 348, 18, 30.0, 1005.0, 0
14.2, -65.0, 1350, 25, 2005, 11, 15, 349, 0, 30.0, 1004.0, 0
14.3, -66.0, 1350, 25, 2005, 11, 15, 349, 6, 35.0, 1004.0, 0
14.4, -67.1, 1350, 25, 2005, 11, 15, 349, 12, 35.0, 1004.0, 0
14.7, -68.4, 1350, 25, 2005, 11, 15, 349, 18, 30.0, 1005.0, 0
14.8, -69.9, 1350, 25, 2005, 11, 16, 350, 0, 30.0, 1006.0, 0
14.8, -71.5, 1350, 25, 2005, 11, 16, 350, 6, 30.0, 1006.0, 0
14.7, -73.1, 1350, 25, 2005, 11, 16, 350, 12, 25.0, 1006.0, 0
14.8, -75.4, 1350, 25, 2005, 11, 16, 350, 18, 25.0, 1006.0, 0
15.0, -77.6, 1350, 25, 2005, 11, 17, 351, 0, 25.0, 1007.0, 0
15.3, -79.7, 1350, 25, 2005, 11, 17, 351, 6, 25.0, 1008.0, 0
15.6, -81.7, 1350, 25, 2005, 11, 17, 351, 12, 30.0, 1007.0, 0
15.8, -83.1, 1350, 25, 2005, 11, 17, 351, 18, 30.0, 1007.0, 0
15.8, -84.1, 1350, 25, 2005, 11, 18, 352, 0, 30.0, 1007.0, 0
15.7, -84.8, 1350, 25, 2005, 11, 18, 352, 6, 30.0, 1006.0, 0
15.5, -85.5, 1350, 25, 2005, 11, 18, 352, 12, 30.0, 1006.0, 0
15.7, -85.6, 1350, 25, 2005, 11, 18, 352, 18, 35.0, 1006.0, 0
16.0, -85.6, 1350, 25, 2005, 11, 19, 353, 0, 40.0, 1005.0, 0
16.1, -85.6, 1350, 25, 2005, 11, 19, 353, 6, 40.0, 1004.0, 0
16.1, -85.4, 1350, 25, 2005, 11, 19, 353, 12, 45.0, 1002.0, 0
16.2, -85.2, 1350, 25, 2005, 11, 19, 353, 18, 40.0, 1004.0, 0
16.4, -85.0, 1350, 25, 2005, 11, 20, 354, 0, 40.0, 1005.0, 0
16.6, -85.0, 1350, 25, 2005, 11, 20, 354, 6, 35.0, 1006.0, 0
16.7, -85.2, 1350, 25, 2005, 11, 20, 354, 12, 30.0, 1007.0, 0
16.9, -85.5, 1350, 25, 2005, 11, 20, 354, 18, 30.0, 1007.0, 0
17.1, -85.5, 1350, 25, 2005, 11, 21, 355, 0, 25.0, 1008.0, 0
17.0, -85.2, 1350, 25, 2005, 11, 21, 355, 6, 25.0, 1008.0, 0
16.7, -84.8, 1350, 25, 2005, 11, 21, 355, 12, 25.0, 1008.0, 0
16.4, -84.3, 1350, 25, 2005, 11, 21, 355, 18, 25.0, 1009.0, 0
15.4, -83.5, 1350, 25, 2005, 11, 22, 356, 0, 25.0, 1009.0, 0
27.0, -48.0, 1351, 26, 2005, 11, 19, 353, 12, 25.0, 1010.0, 0
26.7, -47.5, 1351, 26, 2005, 11, 19, 353, 18, 25.0, 1009.0, 0
26.7, -46.7, 1351, 26, 2005, 11, 20, 354, 0, 25.0, 1008.0, 0
27.2, -45.9, 1351, 26, 2005, 11, 20, 354, 6, 25.0, 1008.0, 0
27.7, -44.8, 1351, 26, 2005, 11, 20, 354, 12, 30.0, 1007.0, 0
28.0, -43.5, 1351, 26, 2005, 11, 20, 354, 18, 35.0, 1003.0, 0
28.3, -42.2, 1351, 26, 2005, 11, 21, 355, 0, 35.0, 1000.0, 0
29.0, -41.1, 1351, 26, 2005, 11, 21, 355, 6, 35.0, 998.0, 0
29.9, -40.1, 1351, 26, 2005, 11, 21, 355, 12, 35.0, 996.0, 0
30.9, -39.6, 1351, 26, 2005, 11, 21, 355, 18, 40.0, 994.0, 0
31.5, -40.1, 1351, 26, 2005, 11, 22, 356, 0, 40.0, 992.0, 0
31.4, -39.9, 1351, 26, 2005, 11, 22, 356, 6, 45.0, 990.0, 0
31.2, -39.8, 1351, 26, 2005, 11, 22, 356, 12, 45.0, 988.0, 0
30.7, -40.5, 1351, 26, 2005, 11, 22, 356, 18, 45.0, 986.0, 0
29.9, -40.9, 1351, 26, 2005, 11, 23, 357, 0, 45.0, 984.0, 0
28.8, -41.3, 1351, 26, 2005, 11, 23, 357, 6, 45.0, 983.0, 0
27.4, -41.2, 1351, 26, 2005, 11, 23, 357, 12, 50.0, 983.0, 0
26.4, -40.8, 1351, 26, 2005, 11, 23, 357, 18, 50.0, 983.0, 0
25.5, -40.2, 1351, 26, 2005, 11, 24, 358, 0, 55.0, 982.0, 0
25.0, -39.6, 1351, 26, 2005, 11, 24, 358, 6, 55.0, 981.0, 0
24.8, -39.0, 1351, 26, 2005, 11, 24, 358, 12, 60.0, 980.0, 0
24.6, -38.9, 1351, 26, 2005, 11, 24, 358, 18, 60.0, 980.0, 0
24.1, -39.0, 1351, 26, 2005, 11, 25, 359, 0, 60.0, 980.0, 0
23.8, -39.3, 1351, 26, 2005, 11, 25, 359, 6, 55.0, 982.0, 0
23.3, -39.6, 1351, 26, 2005, 11, 25, 359, 12, 55.0, 982.0, 0
22.8, -39.8, 1351, 26, 2005, 11, 25, 359, 18, 50.0, 985.0, 0
22.3, -39.8, 1351, 26, 2005, 11, 26, 360, 0, 45.0, 989.0, 0
21.8, -39.4, 1351, 26, 2005, 11, 26, 360, 6, 40.0, 993.0, 0
22.0, -38.4, 1351, 26, 2005, 11, 26, 360, 12, 35.0, 997.0, 0
22.6, -37.3, 1351, 26, 2005, 11, 26, 360, 18, 35.0, 997.0, 0
23.5, -35.8, 1351, 26, 2005, 11, 27, 361, 0, 35.0, 998.0, 0
24.8, -34.0, 1351, 26, 2005, 11, 27, 361, 6, 45.0, 993.0, 0
26.7, -31.9, 1351, 26, 2005, 11, 27, 361, 12, 60.0, 982.0, 0
28.3, -29.9, 1351, 26, 2005, 11, 27, 361, 18, 60.0, 982.0, 0
29.1, -27.5, 1351, 26, 2005, 11, 28, 362, 0, 60.0, 983.0, 0
29.9, -24.8, 1351, 26, 2005, 11, 28, 362, 6, 60.0, 984.0, 0
30.2, -21.6, 1351, 26, 2005, 11, 28, 362, 12, 60.0, 985.0, 0
30.2, -18.2, 1351, 26, 2005, 11, 28, 362, 18, 60.0, 986.0, 0
30.2, -14.6, 1351, 26, 2005, 11, 29, 363, 0, 55.0, 988.0, 0
30.7, -10.9, 1351, 26, 2005, 11, 29, 363, 6, 50.0, 992.0, 0
32.6, -6.6, 1351, 26, 2005, 11, 29, 363, 12, 35.0, 1000.0, 0
35.3, -1.0, 1351, 26, 2005, 11, 29, 363, 18, 30.0, 1003.0, 0
31.5, -49.2, 1352, 27, 2005, 11, 29, 363, 6, 45.0, 993.0, 0
31.6, -50.0, 1352, 27, 2005, 11, 29, 363, 12, 45.0, 993.0, 0
31.4, -50.8, 1352, 27, 2005, 11, 29, 363, 18, 45.0, 993.0, 0
31.4, -51.5, 1352, 27, 2005, 11, 30, 364, 0, 45.0, 993.0, 0
31.1, -52.5, 1352, 27, 2005, 11, 30, 364, 6, 50.0, 992.0, 0
30.8, -53.5, 1352, 27, 2005, 11, 30, 364, 12, 55.0, 991.0, 0
30.1, -54.2, 1352, 27, 2005, 11, 30, 364, 18, 50.0, 991.0, 0
29.7, -53.8, 1352, 27, 2005, 12, 1, 1, 0, 50.0, 992.0, 0
30.0, -52.7, 1352, 27, 2005, 12, 1, 1, 6, 50.0, 992.0, 0
30.8, -51.9, 1352, 27, 2005, 12, 1, 1, 12, 50.0, 992.0, 0
31.4, -51.3, 1352, 27, 2005, 12, 1, 1, 18, 55.0, 991.0, 0
31.9, -50.6, 1352, 27, 2005, 12, 2, 2, 0, 55.0, 991.0, 0
32.5, -49.8, 1352, 27, 2005, 12, 2, 2, 6, 55.0, 990.0, 0
33.2, -48.9, 1352, 27, 2005, 12, 2, 2, 12, 60.0, 989.0, 0
33.9, -47.9, 1352, 27, 2005, 12, 2, 2, 18, 65.0, 987.0, 0
34.3, -47.1, 1352, 27, 2005, 12, 3, 3, 0, 65.0, 987.0, 0
34.5, -46.2, 1352, 27, 2005, 12, 3, 3, 6, 65.0, 987.0, 0
34.5, -45.0, 1352, 27, 2005, 12, 3, 3, 12, 65.0, 987.0, 0
34.5, -43.7, 1352, 27, 2005, 12, 3, 3, 18, 65.0, 987.0, 0
34.3, -42.3, 1352, 27, 2005, 12, 4, 4, 0, 65.0, 987.0, 0
34.4, -41.1, 1352, 27, 2005, 12, 4, 4, 6, 65.0, 987.0, 0
34.3, -39.8, 1352, 27, 2005, 12, 4, 4, 12, 70.0, 984.0, 0
34.3, -38.8, 1352, 27, 2005, 12, 4, 4, 18, 70.0, 985.0, 0
34.2, -37.8, 1352, 27, 2005, 12, 5, 5, 0, 70.0, 985.0, 0
34.0, -36.7, 1352, 27, 2005, 12, 5, 5, 6, 75.0, 981.0, 1
33.8, -35.5, 1352, 27, 2005, 12, 5, 5, 12, 75.0, 981.0, 1
33.7, -34.6, 1352, 27, 2005, 12, 5, 5, 18, 70.0, 985.0, 0
33.4, -33.8, 1352, 27, 2005, 12, 6, 6, 0, 65.0, 986.0, 0
33.1, -33.7, 1352, 27, 2005, 12, 6, 6, 6, 65.0, 986.0, 0
32.3, -33.7, 1352, 27, 2005, 12, 6, 6, 12, 65.0, 987.0, 0
31.6, -34.2, 1352, 27, 2005, 12, 6, 6, 18, 65.0, 987.0, 0
30.8, -34.9, 1352, 27, 2005, 12, 7, 7, 0, 65.0, 987.0, 0
30.1, -36.0, 1352, 27, 2005, 12, 7, 7, 6, 65.0, 987.0, 0
29.4, -37.1, 1352, 27, 2005, 12, 7, 7, 12, 65.0, 987.0, 0
28.7, -38.1, 1352, 27, 2005, 12, 7, 7, 18, 60.0, 991.0, 0
28.2, -38.8, 1352, 27, 2005, 12, 8, 8, 0, 50.0, 997.0, 0
27.4, -39.3, 1352, 27, 2005, 12, 8, 8, 6, 35.0, 1003.0, 0
26.5, -40.0, 1352, 27, 2005, 12, 8, 8, 12, 30.0, 1005.0, 0
25.9, -40.5, 1352, 27, 2005, 12, 8, 8, 18, 30.0, 1006.0, 0
25.5, -40.6, 1352, 27, 2005, 12, 9, 9, 0, 30.0, 1007.0, 0
25.1, -40.4, 1352, 27, 2005, 12, 9, 9, 6, 25.0, 1008.0, 0
24.7, -40.1, 1352, 27, 2005, 12, 9, 9, 12, 25.0, 1009.0, 0
24.7, -39.2, 1352, 27, 2005, 12, 9, 9, 18, 25.0, 1009.0, 0
23.9, -35.6, 1353, 28, 2005, 12, 30, 30, 0, 30.0, 1009.0, 0
24.2, -36.1, 1353, 28, 2005, 12, 30, 30, 6, 40.0, 1005.0, 0
24.7, -36.6, 1353, 28, 2005, 12, 30, 30, 12, 45.0, 1002.0, 0
25.2, -37.0, 1353, 28, 2005, 12, 30, 30, 18, 45.0, 1000.0, 0
25.6, -37.3, 1353, 28, 2005, 12, 31, 31, 0, 45.0, 1000.0, 0
25.7, -37.6, 1353, 28, 2005, 12, 31, 31, 6, 50.0, 997.0, 0
25.7, -37.9, 1353, 28, 2005, 12, 31, 31, 12, 50.0, 997.0, 0
25.7, -38.1, 1353, 28, 2005, 12, 31, 31, 18, 45.0, 1000.0, 0
25.6, -38.3, 1353, 28, 2006, 1, 1, 32, 0, 50.0, 997.0, 0
25.4, -38.4, 1353, 28, 2006, 1, 1, 32, 6, 50.0, 997.0, 0
25.2, -38.5, 1353, 28, 2006, 1, 1, 32, 12, 50.0, 997.0, 0
25.0, -38.6, 1353, 28, 2006, 1, 1, 32, 18, 55.0, 994.0, 0
24.6, -38.9, 1353, 28, 2006, 1, 2, 33, 0, 55.0, 994.0, 0
24.3, -39.7, 1353, 28, 2006, 1, 2, 33, 6, 50.0, 997.0, 0
23.8, -40.4, 1353, 28, 2006, 1, 2, 33, 12, 45.0, 1000.0, 0
23.6, -40.8, 1353, 28, 2006, 1, 2, 33, 18, 50.0, 997.0, 0
23.4, -41.0, 1353, 28, 2006, 1, 3, 34, 0, 55.0, 994.0, 0
23.3, -41.3, 1353, 28, 2006, 1, 3, 34, 6, 55.0, 994.0, 0
23.2, -41.6, 1353, 28, 2006, 1, 3, 34, 12, 55.0, 994.0, 0
23.0, -42.1, 1353, 28, 2006, 1, 3, 34, 18, 55.0, 994.0, 0
22.6, -42.4, 1353, 28, 2006, 1, 4, 35, 0, 55.0, 994.0, 0
22.1, -42.9, 1353, 28, 2006, 1, 4, 35, 6, 50.0, 997.0, 0
21.9, -43.6, 1353, 28, 2006, 1, 4, 35, 12, 45.0, 1000.0, 0
21.7, -44.6, 1353, 28, 2006, 1, 4, 35, 18, 40.0, 1002.0, 0
21.7, -45.6, 1353, 28, 2006, 1, 5, 36, 0, 35.0, 1005.0, 0
21.9, -46.6, 1353, 28, 2006, 1, 5, 36, 6, 35.0, 1005.0, 0
22.2, -47.3, 1353, 28, 2006, 1, 5, 36, 12, 35.0, 1006.0, 0
22.7, -47.9, 1353, 28, 2006, 1, 5, 36, 18, 35.0, 1007.0, 0
23.0, -48.4, 1353, 28, 2006, 1, 6, 37, 0, 35.0, 1007.0, 0
23.1, -49.0, 1353, 28, 2006, 1, 6, 37, 6, 30.0, 1007.0, 0
23.1, -49.6, 1353, 28, 2006, 1, 6, 37, 12, 30.0, 1008.0, 0
23.3, -50.2, 1353, 28, 2006, 1, 6, 37, 18, 25.0, 1009.0, 0
23.7, -51.4, 1353, 28, 2006, 1, 7, 38, 0, 25.0, 1009.0, 0
24.2, -52.7, 1353, 28, 2006, 1, 7, 38, 6, 25.0, 1012.0, 0
24.8, -54.2, 1353, 28, 2006, 1, 7, 38, 12, 25.0, 1014.0, 0
26.3, -55.7, 1353, 28, 2006, 1, 7, 38, 18, 25.0, 1016.0, 0
20.0, -85.0, 1354, 1, 2006, 6, 10, 191, 6, 25.0, 1004.0, 0
21.0, -85.3, 1354, 1, 2006, 6, 10, 191, 12, 30.0, 1003.0, 0
21.9, -85.7, 1354, 1, 2006, 6, 10, 191, 18, 30.0, 1003.0, 0
22.5, -86.3, 1354, 1, 2006, 6, 11, 192, 0, 35.0, 1003.0, 0
23.1, -87.1, 1354, 1, 2006, 6, 11, 192, 6, 35.0, 1003.0, 0
23.6, -87.8, 1354, 1, 2006, 6, 11, 192, 12, 40.0, 1002.0, 0
24.3, -87.8, 1354, 1, 2006, 6, 11, 192, 18, 40.0, 1004.0, 0
25.0, -87.8, 1354, 1, 2006, 6, 12, 193, 0, 40.0, 1004.0, 0
25.8, -87.4, 1354, 1, 2006, 6, 12, 193, 6, 45.0, 1004.0, 0
26.8, -86.3, 1354, 1, 2006, 6, 12, 193, 12, 60.0, 1000.0, 0
27.5, -85.4, 1354, 1, 2006, 6, 12, 193, 18, 60.0, 997.0, 0
28.0, -85.0, 1354, 1, 2006, 6, 13, 194, 0, 60.0, 995.0, 0
28.8, -84.4, 1354, 1, 2006, 6, 13, 194, 6, 55.0, 995.0, 0
29.5, -84.1, 1354, 1, 2006, 6, 13, 194, 12, 45.0, 996.0, 0
30.3, -83.5, 1354, 1, 2006, 6, 13, 194, 18, 35.0, 997.0, 0
31.3, -82.8, 1354, 1, 2006, 6, 14, 195, 0, 35.0, 1001.0, 0
32.8, -81.9, 1354, 1, 2006, 6, 14, 195, 6, 30.0, 1003.0, 0
34.3, -80.7, 1354, 1, 2006, 6, 14, 195, 12, 35.0, 1003.0, 0
35.5, -77.5, 1354, 1, 2006, 6, 14, 195, 18, 35.0, 1002.0, 0
37.0, -73.0, 1354, 1, 2006, 6, 15, 196, 0, 45.0, 999.0, 0
38.8, -69.9, 1354, 1, 2006, 6, 15, 196, 6, 45.0, 990.0, 0
40.9, -66.8, 1354, 1, 2006, 6, 15, 196, 12, 50.0, 979.0, 0
42.6, -64.2, 1354, 1, 2006, 6, 15, 196, 18, 55.0, 971.0, 0
44.0, -62.0, 1354, 1, 2006, 6, 16, 197, 0, 55.0, 969.0, 0
46.0, -58.5, 1354, 1, 2006, 6, 16, 197, 6, 50.0, 972.0, 0
47.4, -55.0, 1354, 1, 2006, 6, 16, 197, 12, 45.0, 985.0, 0
49.3, -51.5, 1354, 1, 2006, 6, 16, 197, 18, 40.0, 990.0, 0
50.8, -45.2, 1354, 1, 2006, 6, 17, 198, 0, 40.0, 995.0, 0
51.5, -39.0, 1354, 1, 2006, 6, 17, 198, 6, 40.0, 995.0, 0
53.0, -34.5, 1354, 1, 2006, 6, 17, 198, 12, 40.0, 995.0, 0
54.0, -29.0, 1354, 1, 2006, 6, 17, 198, 18, 35.0, 995.0, 0
54.5, -23.0, 1354, 1, 2006, 6, 18, 199, 0, 30.0, 995.0, 0
54.5, -16.0, 1354, 1, 2006, 6, 18, 199, 6, 30.0, 995.0, 0
54.5, -12.0, 1354, 1, 2006, 6, 18, 199, 12, 30.0, 995.0, 0
55.0, -9.0, 1354, 1, 2006, 6, 18, 199, 18, 30.0, 997.0, 0
56.5, -5.5, 1354, 1, 2006, 6, 19, 200, 0, 30.0, 999.0, 0
57.0, -3.0, 1354, 1, 2006, 6, 19, 200, 6, 30.0, 999.0, 0
37.2, -68.7, 1355, 2, 2006, 7, 16, 228, 12, 30.0, 1009.0, 0
37.7, -68.2, 1355, 2, 2006, 7, 16, 228, 18, 30.0, 1009.0, 0
38.3, -67.6, 1355, 2, 2006, 7, 17, 229, 0, 30.0, 1009.0, 0
39.1, -66.4, 1355, 2, 2006, 7, 17, 229, 6, 30.0, 1008.0, 0
40.0, -65.1, 1355, 2, 2006, 7, 17, 229, 12, 40.0, 1003.0, 0
41.1, -63.7, 1355, 2, 2006, 7, 17, 229, 18, 45.0, 998.0, 0
42.4, -62.1, 1355, 2, 2006, 7, 18, 230, 0, 40.0, 999.0, 0
43.7, -60.1, 1355, 2, 2006, 7, 18, 230, 6, 35.0, 1004.0, 0
45.5, -58.0, 1355, 2, 2006, 7, 18, 230, 12, 30.0, 1007.0, 0
47.1, -55.8, 1355, 2, 2006, 7, 18, 230, 18, 25.0, 1009.0, 0
48.6, -52.9, 1355, 2, 2006, 7, 19, 231, 0, 25.0, 1012.0, 0
49.2, -49.4, 1355, 2, 2006, 7, 19, 231, 6, 25.0, 1012.0, 0
49.8, -46.1, 1355, 2, 2006, 7, 19, 231, 12, 25.0, 1014.0, 0
32.3, -73.3, 1356, 3, 2006, 7, 18, 230, 12, 30.0, 1010.0, 0
33.0, -73.3, 1356, 3, 2006, 7, 18, 230, 18, 35.0, 1008.0, 0
33.8, -73.5, 1356, 3, 2006, 7, 19, 231, 0, 35.0, 1006.0, 0
34.5, -73.7, 1356, 3, 2006, 7, 19, 231, 6, 35.0, 1005.0, 0
35.2, -73.6, 1356, 3, 2006, 7, 19, 231, 12, 40.0, 1004.0, 0
35.9, -73.5, 1356, 3, 2006, 7, 19, 231, 18, 50.0, 1003.0, 0
36.6, -73.2, 1356, 3, 2006, 7, 20, 232, 0, 50.0, 1002.0, 0
37.4, -73.2, 1356, 3, 2006, 7, 20, 232, 6, 50.0, 1001.0, 0
38.3, -73.0, 1356, 3, 2006, 7, 20, 232, 12, 50.0, 1002.0, 0
39.1, -72.5, 1356, 3, 2006, 7, 20, 232, 18, 45.0, 1002.0, 0
39.8, -71.8, 1356, 3, 2006, 7, 21, 233, 0, 45.0, 1003.0, 0
41.0, -70.5, 1356, 3, 2006, 7, 21, 233, 6, 45.0, 1000.0, 0
42.4, -68.4, 1356, 3, 2006, 7, 21, 233, 12, 40.0, 1002.0, 0
43.8, -66.3, 1356, 3, 2006, 7, 21, 233, 18, 35.0, 1000.0, 0
45.5, -63.3, 1356, 3, 2006, 7, 22, 234, 0, 35.0, 1002.0, 0
47.2, -60.0, 1356, 3, 2006, 7, 22, 234, 6, 35.0, 1003.0, 0
48.5, -56.5, 1356, 3, 2006, 7, 22, 234, 12, 30.0, 1004.0, 0
16.3, -58.1, 1357, 4, 2006, 8, 1, 244, 0, 30.0, 1011.0, 0
16.8, -58.9, 1357, 4, 2006, 8, 1, 244, 6, 35.0, 1009.0, 0
17.2, -59.8, 1357, 4, 2006, 8, 1, 244, 12, 40.0, 1006.0, 0
17.7, -60.6, 1357, 4, 2006, 8, 1, 244, 18, 50.0, 1004.0, 0
18.1, -61.4, 1357, 4, 2006, 8, 2, 245, 0, 50.0, 1003.0, 0
18.5, -62.2, 1357, 4, 2006, 8, 2, 245, 6, 55.0, 1001.0, 0
19.0, -63.0, 1357, 4, 2006, 8, 2, 245, 12, 55.0, 1001.0, 0
19.6, -63.9, 1357, 4, 2006, 8, 2, 245, 18, 50.0, 1004.0, 0
19.9, -64.8, 1357, 4, 2006, 8, 3, 246, 0, 50.0, 1007.0, 0
20.2, -65.8, 1357, 4, 2006, 8, 3, 246, 6, 40.0, 1010.0, 0
20.4, -66.8, 1357, 4, 2006, 8, 3, 246, 12, 35.0, 1011.0, 0
20.6, -67.7, 1357, 4, 2006, 8, 3, 246, 18, 30.0, 1011.0, 0
20.7, -68.7, 1357, 4, 2006, 8, 4, 247, 0, 30.0, 1011.0, 0
20.8, -70.2, 1357, 4, 2006, 8, 4, 247, 6, 25.0, 1011.0, 0
21.2, -71.1, 1357, 4, 2006, 8, 4, 247, 12, 25.0, 1011.0, 0
21.3, -72.2, 1357, 4, 2006, 8, 4, 247, 18, 25.0, 1012.0, 0
21.5, -73.4, 1357, 4, 2006, 8, 5, 248, 0, 25.0, 1012.0, 0
21.6, -75.0, 1357, 4, 2006, 8, 5, 248, 6, 20.0, 1012.0, 0
21.8, -76.3, 1357, 4, 2006, 8, 5, 248, 12, 20.0, 1012.0, 0
22.1, -77.6, 1357, 4, 2006, 8, 5, 248, 18, 20.0, 1012.0, 0
22.4, -78.9, 1357, 4, 2006, 8, 6, 249, 0, 20.0, 1012.0, 0
22.8, -80.2, 1357, 4, 2006, 8, 6, 249, 6, 20.0, 1013.0, 0
23.2, -81.7, 1357, 4, 2006, 8, 6, 249, 12, 15.0, 1013.0, 0
11.6, -21.7, 1358, 5, 2006, 8, 21, 264, 18, 30.0, 1007.0, 0
12.0, -22.7, 1358, 5, 2006, 8, 22, 265, 0, 30.0, 1007.0, 0
12.6, -23.9, 1358, 5, 2006, 8, 22, 265, 6, 30.0, 1007.0, 0
13.4, -25.3, 1358, 5, 2006, 8, 22, 265, 12, 30.0, 1007.0, 0
14.2, -26.7, 1358, 5, 2006, 8, 22, 265, 18, 30.0, 1005.0, 0
14.9, -28.1, 1358, 5, 2006, 8, 23, 266, 0, 35.0, 1003.0, 0
15.7, -29.5, 1358, 5, 2006, 8, 23, 266, 6, 40.0, 1002.0, 0
16.7, -31.0, 1358, 5, 2006, 8, 23, 266, 12, 45.0, 1001.0, 0
17.6, -32.4, 1358, 5, 2006, 8, 23, 266, 18, 45.0, 1001.0, 0
18.4, -33.9, 1358, 5, 2006, 8, 24, 267, 0, 45.0, 1000.0, 0
19.2, -35.5, 1358, 5, 2006, 8, 24, 267, 6, 45.0, 999.0, 0
20.1, -37.1, 1358, 5, 2006, 8, 24, 267, 12, 45.0, 1000.0, 0
20.9, -38.7, 1358, 5, 2006, 8, 24, 267, 18, 45.0, 1000.0, 0
21.7, -40.2, 1358, 5, 2006, 8, 25, 268, 0, 45.0, 1000.0, 0
22.6, -41.5, 1358, 5, 2006, 8, 25, 268, 6, 45.0, 1001.0, 0
23.6, -42.7, 1358, 5, 2006, 8, 25, 268, 12, 40.0, 1002.0, 0
24.4, -44.1, 1358, 5, 2006, 8, 25, 268, 18, 35.0, 1005.0, 0
24.8, -45.1, 1358, 5, 2006, 8, 26, 269, 0, 35.0, 1008.0, 0
25.2, -46.1, 1358, 5, 2006, 8, 26, 269, 6, 30.0, 1009.0, 0
25.7, -46.9, 1358, 5, 2006, 8, 26, 269, 12, 25.0, 1010.0, 0
26.5, -47.5, 1358, 5, 2006, 8, 26, 269, 18, 25.0, 1011.0, 0
27.3, -48.1, 1358, 5, 2006, 8, 27, 270, 0, 25.0, 1012.0, 0
28.3, -48.8, 1358, 5, 2006, 8, 27, 270, 6, 25.0, 1012.0, 0
29.4, -49.1, 1358, 5, 2006, 8, 27, 270, 12, 25.0, 1012.0, 0
30.6, -48.9, 1358, 5, 2006, 8, 27, 270, 18, 25.0, 1012.0, 0
32.1, -48.3, 1358, 5, 2006, 8, 28, 271, 0, 25.0, 1012.0, 0
12.7, -61.6, 1359, 6, 2006, 8, 24, 267, 18, 30.0, 1008.0, 0
13.0, -63.0, 1359, 6, 2006, 8, 25, 268, 0, 30.0, 1007.0, 0
13.3, -64.4, 1359, 6, 2006, 8, 25, 268, 6, 30.0, 1005.0, 0
13.7, -65.8, 1359, 6, 2006, 8, 25, 268, 12, 35.0, 1005.0, 0
14.0, -67.1, 1359, 6, 2006, 8, 25, 268, 18, 35.0, 1004.0, 0
14.3, -68.3, 1359, 6, 2006, 8, 26, 269, 0, 40.0, 1002.0, 0
14.6, -69.5, 1359, 6, 2006, 8, 26, 269, 6, 45.0, 999.0, 0
15.1, -70.4, 1359, 6, 2006, 8, 26, 269, 12, 50.0, 997.0, 0
15.7, -71.2, 1359, 6, 2006, 8, 26, 269, 18, 55.0, 997.0, 0
16.3, -72.0, 1359, 6, 2006, 8, 27, 270, 0, 55.0, 995.0, 0
16.9, -72.7, 1359, 6, 2006, 8, 27, 270, 6, 65.0, 992.0, 0
17.4, -73.4, 1359, 6, 2006, 8, 27, 270, 12, 55.0, 997.0, 0
17.8, -74.0, 1359, 6, 2006, 8, 27, 270, 18, 45.0, 1002.0, 0
18.3, -74.6, 1359, 6, 2006, 8, 28, 271, 0, 40.0, 1003.0, 0
19.1, -75.2, 1359, 6, 2006, 8, 28, 271, 6, 40.0, 1004.0, 0
20.0, -75.6, 1359, 6, 2006, 8, 28, 271, 12, 35.0, 1005.0, 0
20.8, -76.4, 1359, 6, 2006, 8, 28, 271, 18, 35.0, 1007.0, 0
21.6, -77.4, 1359, 6, 2006, 8, 29, 272, 0, 35.0, 1007.0, 0
22.4, -78.5, 1359, 6, 2006, 8, 29, 272, 6, 40.0, 1006.0, 0
23.2, -79.3, 1359, 6, 2006, 8, 29, 272, 12, 40.0, 1006.0, 0
23.9, -79.9, 1359, 6, 2006, 8, 29, 272, 18, 40.0, 1005.0, 0
24.7, -80.4, 1359, 6, 2006, 8, 30, 273, 0, 40.0, 1004.0, 0
25.3, -80.8, 1359, 6, 2006, 8, 30, 273, 6, 40.0, 1003.0, 0
26.1, -81.0, 1359, 6, 2006, 8, 30, 273, 12, 35.0, 1002.0, 0
27.0, -80.9, 1359, 6, 2006, 8, 30, 273, 18, 35.0, 1001.0, 0
28.1, -80.7, 1359, 6, 2006, 8, 31, 274, 0, 35.0, 1000.0, 0
29.4, -80.4, 1359, 6, 2006, 8, 31, 274, 6, 45.0, 999.0, 0
30.6, -79.9, 1359, 6, 2006, 8, 31, 274, 12, 55.0, 995.0, 0
31.9, -79.2, 1359, 6, 2006, 8, 31, 274, 18, 60.0, 993.0, 0
33.2, -78.4, 1359, 6, 2006, 9, 1, 274, 0, 60.0, 988.0, 0
34.5, -78.0, 1359, 6, 2006, 9, 1, 274, 6, 50.0, 985.0, 0
35.8, -77.6, 1359, 6, 2006, 9, 1, 274, 12, 30.0, 991.0, 0
36.6, -77.2, 1359, 6, 2006, 9, 1, 274, 18, 40.0, 997.0, 0
37.1, -77.0, 1359, 6, 2006, 9, 2, 275, 0, 40.0, 1002.0, 0
37.6, -76.8, 1359, 6, 2006, 9, 2, 275, 6, 40.0, 1005.0, 0
38.2, -76.7, 1359, 6, 2006, 9, 2, 275, 12, 40.0, 1007.0, 0
38.9, -76.7, 1359, 6, 2006, 9, 2, 275, 18, 40.0, 1010.0, 0
39.9, -76.7, 1359, 6, 2006, 9, 3, 276, 0, 35.0, 1012.0, 0
41.3, -77.1, 1359, 6, 2006, 9, 3, 276, 6, 25.0, 1014.0, 0
43.1, -77.5, 1359, 6, 2006, 9, 3, 276, 12, 20.0, 1014.0, 0
44.5, -77.0, 1359, 6, 2006, 9, 3, 276, 18, 20.0, 1015.0, 0
45.6, -75.8, 1359, 6, 2006, 9, 4, 277, 0, 20.0, 1015.0, 0
46.5, -74.4, 1359, 6, 2006, 9, 4, 277, 6, 20.0, 1014.0, 0
14.1, -39.4, 1360, 7, 2006, 9, 3, 276, 18, 30.0, 1007.0, 0
14.7, -40.0, 1360, 7, 2006, 9, 4, 277, 0, 30.0, 1007.0, 0
15.4, -41.0, 1360, 7, 2006, 9, 4, 277, 6, 30.0, 1007.0, 0
16.0, -42.3, 1360, 7, 2006, 9, 4, 277, 12, 30.0, 1007.0, 0
16.4, -43.5, 1360, 7, 2006, 9, 4, 277, 18, 30.0, 1007.0, 0
16.6, -44.8, 1360, 7, 2006, 9, 5, 278, 0, 30.0, 1007.0, 0
16.8, -46.1, 1360, 7, 2006, 9, 5, 278, 6, 35.0, 1007.0, 0
17.0, -46.9, 1360, 7, 2006, 9, 5, 278, 12, 35.0, 1005.0, 0
17.3, -47.8, 1360, 7, 2006, 9, 5, 278, 18, 40.0, 1003.0, 0
17.6, -48.6, 1360, 7, 2006, 9, 6, 279, 0, 40.0, 1003.0, 0
18.1, -49.7, 1360, 7, 2006, 9, 6, 279, 6, 40.0, 1003.0, 0
18.5, -50.6, 1360, 7, 2006, 9, 6, 279, 12, 45.0, 1003.0, 0
19.0, -51.3, 1360, 7, 2006, 9, 6, 279, 18, 45.0, 1000.0, 0
19.3, -51.9, 1360, 7, 2006, 9, 7, 280, 0, 45.0, 1000.0, 0
19.6, -52.6, 1360, 7, 2006, 9, 7, 280, 6, 45.0, 1000.0, 0
19.9, -53.3, 1360, 7, 2006, 9, 7, 280, 12, 40.0, 1002.0, 0
20.3, -54.3, 1360, 7, 2006, 9, 7, 280, 18, 40.0, 1002.0, 0
20.9, -55.7, 1360, 7, 2006, 9, 8, 281, 0, 40.0, 1002.0, 0
21.5, -57.1, 1360, 7, 2006, 9, 8, 281, 6, 40.0, 1002.0, 0
21.7, -58.8, 1360, 7, 2006, 9, 8, 281, 12, 40.0, 1002.0, 0
21.9, -60.1, 1360, 7, 2006, 9, 8, 281, 18, 45.0, 1000.0, 0
22.7, -61.0, 1360, 7, 2006, 9, 9, 282, 0, 50.0, 997.0, 0
23.8, -62.3, 1360, 7, 2006, 9, 9, 282, 6, 50.0, 993.0, 0
24.4, -63.2, 1360, 7, 2006, 9, 9, 282, 12, 50.0, 992.0, 0
25.1, -64.0, 1360, 7, 2006, 9, 9, 282, 18, 50.0, 991.0, 0
26.2, -64.6, 1360, 7, 2006, 9, 10, 283, 0, 60.0, 987.0, 0
27.1, -65.3, 1360, 7, 2006, 9, 10, 283, 6, 70.0, 980.0, 0
28.1, -65.9, 1360, 7, 2006, 9, 10, 283, 12, 75.0, 978.0, 1
29.3, -66.1, 1360, 7, 2006, 9, 10, 283, 18, 80.0, 976.0, 1
30.4, -66.2, 1360, 7, 2006, 9, 11, 284, 0, 80.0, 975.0, 1
31.3, -66.2, 1360, 7, 2006, 9, 11, 284, 6, 70.0, 977.0, 0
32.4, -65.7, 1360, 7, 2006, 9, 11, 284, 12, 75.0, 974.0, 1
33.6, -65.0, 1360, 7, 2006, 9, 11, 284, 18, 75.0, 974.0, 1
34.9, -64.1, 1360, 7, 2006, 9, 12, 285, 0, 70.0, 975.0, 0
36.3, -63.2, 1360, 7, 2006, 9, 12, 285, 6, 65.0, 976.0, 0
37.4, -61.9, 1360, 7, 2006, 9, 12, 285, 12, 65.0, 976.0, 0
38.5, -60.2, 1360, 7, 2006, 9, 12, 285, 18, 65.0, 977.0, 0
40.6, -57.9, 1360, 7, 2006, 9, 13, 286, 0, 70.0, 978.0, 0
43.1, -56.3, 1360, 7, 2006, 9, 13, 286, 6, 70.0, 972.0, 0
45.5, -55.6, 1360, 7, 2006, 9, 13, 286, 12, 70.0, 967.0, 0
46.4, -54.0, 1360, 7, 2006, 9, 13, 286, 18, 70.0, 963.0, 0
47.6, -51.3, 1360, 7, 2006, 9, 14, 287, 0, 65.0, 965.0, 0
48.6, -48.3, 1360, 7, 2006, 9, 14, 287, 6, 60.0, 967.0, 0
49.2, -45.2, 1360, 7, 2006, 9, 14, 287, 12, 55.0, 970.0, 0
49.8, -42.6, 1360, 7, 2006, 9, 14, 287, 18, 50.0, 976.0, 0
50.0, -39.6, 1360, 7, 2006, 9, 15, 288, 0, 45.0, 981.0, 0
49.7, -35.8, 1360, 7, 2006, 9, 15, 288, 6, 45.0, 982.0, 0
49.5, -31.7, 1360, 7, 2006, 9, 15, 288, 12, 45.0, 984.0, 0
49.8, -27.5, 1360, 7, 2006, 9, 15, 288, 18, 40.0, 986.0, 0
50.6, -23.9, 1360, 7, 2006, 9, 16, 289, 0, 40.0, 987.0, 0
52.5, -21.0, 1360, 7, 2006, 9, 16, 289, 6, 40.0, 987.0, 0
54.6, -20.5, 1360, 7, 2006, 9, 16, 289, 12, 40.0, 985.0, 0
56.6, -20.5, 1360, 7, 2006, 9, 16, 289, 18, 40.0, 983.0, 0
58.2, -20.5, 1360, 7, 2006, 9, 17, 290, 0, 40.0, 980.0, 0
59.6, -20.6, 1360, 7, 2006, 9, 17, 290, 6, 40.0, 980.0, 0
60.9, -21.2, 1360, 7, 2006, 9, 17, 290, 12, 40.0, 979.0, 0
62.0, -22.5, 1360, 7, 2006, 9, 17, 290, 18, 45.0, 978.0, 0
62.6, -24.5, 1360, 7, 2006, 9, 18, 291, 0, 50.0, 976.0, 0
63.0, -26.5, 1360, 7, 2006, 9, 18, 291, 6, 50.0, 977.0, 0
63.0, -29.0, 1360, 7, 2006, 9, 18, 291, 12, 50.0, 978.0, 0
63.0, -31.4, 1360, 7, 2006, 9, 18, 291, 18, 50.0, 979.0, 0
62.0, -34.0, 1360, 7, 2006, 9, 19, 292, 0, 50.0, 982.0, 0
20.2, -53.8, 1361, 8, 2006, 9, 10, 283, 18, 25.0, 1012.0, 0
20.3, -54.5, 1361, 8, 2006, 9, 11, 284, 0, 30.0, 1011.0, 0
20.6, -55.3, 1361, 8, 2006, 9, 11, 284, 6, 30.0, 1010.0, 0
20.9, -56.3, 1361, 8, 2006, 9, 11, 284, 12, 35.0, 1008.0, 0
21.4, -57.1, 1361, 8, 2006, 9, 11, 284, 18, 40.0, 1005.0, 0
21.8, -57.6, 1361, 8, 2006, 9, 12, 285, 0, 50.0, 1003.0, 0
22.3, -58.0, 1361, 8, 2006, 9, 12, 285, 6, 50.0, 1000.0, 0
22.8, -58.2, 1361, 8, 2006, 9, 12, 285, 12, 50.0, 998.0, 0
23.4, -58.2, 1361, 8, 2006, 9, 12, 285, 18, 55.0, 994.0, 0
24.0, -58.1, 1361, 8, 2006, 9, 13, 286, 0, 65.0, 987.0, 0
24.7, -58.0, 1361, 8, 2006, 9, 13, 286, 6, 70.0, 984.0, 0
25.6, -57.9, 1361, 8, 2006, 9, 13, 286, 12, 80.0, 980.0, 1
26.5, -57.7, 1361, 8, 2006, 9, 13, 286, 18, 95.0, 965.0, 1
27.3, -57.4, 1361, 8, 2006, 9, 14, 287, 0, 105.0, 955.0, 2
28.2, -56.8, 1361, 8, 2006, 9, 14, 287, 6, 105.0, 956.0, 2
29.1, -56.2, 1361, 8, 2006, 9, 14, 287, 12, 105.0, 956.0, 2
29.8, -55.4, 1361, 8, 2006, 9, 14, 287, 18, 105.0, 958.0, 2
30.3, -54.6, 1361, 8, 2006, 9, 15, 288, 0, 100.0, 960.0, 2
30.8, -53.8, 1361, 8, 2006, 9, 15, 288, 6, 95.0, 965.0, 1
31.1, -53.5, 1361, 8, 2006, 9, 15, 288, 12, 85.0, 973.0, 1
31.1, -53.5, 1361, 8, 2006, 9, 15, 288, 18, 80.0, 976.0, 1
31.1, -53.5, 1361, 8, 2006, 9, 16, 289, 0, 75.0, 980.0, 1
31.2, -53.6, 1361, 8, 2006, 9, 16, 289, 6, 70.0, 983.0, 0
31.3, -53.8, 1361, 8, 2006, 9, 16, 289, 12, 65.0, 987.0, 0
31.5, -53.9, 1361, 8, 2006, 9, 16, 289, 18, 65.0, 987.0, 0
31.9, -53.8, 1361, 8, 2006, 9, 17, 290, 0, 65.0, 987.0, 0
32.4, -53.7, 1361, 8, 2006, 9, 17, 290, 6, 65.0, 987.0, 0
33.3, -53.3, 1361, 8, 2006, 9, 17, 290, 12, 70.0, 983.0, 0
34.1, -52.9, 1361, 8, 2006, 9, 17, 290, 18, 70.0, 983.0, 0
35.0, -52.1, 1361, 8, 2006, 9, 18, 291, 0, 75.0, 981.0, 1
36.1, -50.6, 1361, 8, 2006, 9, 18, 291, 6, 75.0, 979.0, 1
36.9, -48.7, 1361, 8, 2006, 9, 18, 291, 12, 80.0, 976.0, 1
37.5, -46.3, 1361, 8, 2006, 9, 18, 291, 18, 85.0, 972.0, 1
38.0, -43.3, 1361, 8, 2006, 9, 19, 292, 0, 85.0, 972.0, 1
38.1, -40.2, 1361, 8, 2006, 9, 19, 292, 6, 90.0, 970.0, 1
38.0, -37.0, 1361, 8, 2006, 9, 19, 292, 12, 80.0, 977.0, 1
37.8, -33.5, 1361, 8, 2006, 9, 19, 292, 18, 75.0, 979.0, 1
37.7, -29.9, 1361, 8, 2006, 9, 20, 293, 0, 70.0, 980.0, 0
37.6, -26.1, 1361, 8, 2006, 9, 20, 293, 6, 70.0, 980.0, 0
37.8, -22.6, 1361, 8, 2006, 9, 20, 293, 12, 65.0, 983.0, 0
38.5, -18.5, 1361, 8, 2006, 9, 20, 293, 18, 65.0, 983.0, 0
40.1, -14.0, 1361, 8, 2006, 9, 21, 294, 0, 60.0, 984.0, 0
43.8, -10.4, 1361, 8, 2006, 9, 21, 294, 6, 55.0, 986.0, 0
48.5, -9.0, 1361, 8, 2006, 9, 21, 294, 12, 55.0, 982.0, 0
52.5, -9.5, 1361, 8, 2006, 9, 21, 294, 18, 55.0, 978.0, 0
54.5, -10.5, 1361, 8, 2006, 9, 22, 295, 0, 60.0, 975.0, 0
57.0, -14.0, 1361, 8, 2006, 9, 22, 295, 6, 65.0, 974.0, 0
56.5, -18.5, 1361, 8, 2006, 9, 22, 295, 12, 55.0, 976.0, 0
56.0, -19.5, 1361, 8, 2006, 9, 22, 295, 18, 45.0, 980.0, 0
54.5, -20.0, 1361, 8, 2006, 9, 23, 296, 0, 45.0, 982.0, 0
52.5, -20.0, 1361, 8, 2006, 9, 23, 296, 6, 40.0, 986.0, 0
50.7, -17.7, 1361, 8, 2006, 9, 23, 296, 12, 35.0, 993.0, 0
49.0, -14.5, 1361, 8, 2006, 9, 23, 296, 18, 35.0, 994.0, 0
48.0, -10.0, 1361, 8, 2006, 9, 24, 297, 0, 30.0, 995.0, 0
48.5, -8.5, 1361, 8, 2006, 9, 24, 297, 6, 30.0, 996.0, 0
49.0, -8.0, 1361, 8, 2006, 9, 24, 297, 12, 30.0, 998.0, 0
50.5, -7.5, 1361, 8, 2006, 9, 24, 297, 18, 25.0, 1001.0, 0
11.9, -22.0, 1362, 9, 2006, 9, 12, 285, 12, 25.0, 1007.0, 0
11.9, -23.2, 1362, 9, 2006, 9, 12, 285, 18, 30.0, 1007.0, 0
11.9, -24.6, 1362, 9, 2006, 9, 13, 286, 0, 30.0, 1007.0, 0
12.0, -26.1, 1362, 9, 2006, 9, 13, 286, 6, 30.0, 1007.0, 0
12.2, -28.0, 1362, 9, 2006, 9, 13, 286, 12, 30.0, 1007.0, 0
12.5, -30.0, 1362, 9, 2006, 9, 13, 286, 18, 30.0, 1006.0, 0
12.9, -31.9, 1362, 9, 2006, 9, 14, 287, 0, 35.0, 1005.0, 0
13.2, -33.8, 1362, 9, 2006, 9, 14, 287, 6, 35.0, 1005.0, 0
13.6, -35.6, 1362, 9, 2006, 9, 14, 287, 12, 40.0, 1003.0, 0
14.0, -37.0, 1362, 9, 2006, 9, 14, 287, 18, 40.0, 1003.0, 0
14.4, -38.3, 1362, 9, 2006, 9, 15, 288, 0, 40.0, 1002.0, 0
14.8, -39.6, 1362, 9, 2006, 9, 15, 288, 6, 45.0, 1000.0, 0
15.5, -40.8, 1362, 9, 2006, 9, 15, 288, 12, 50.0, 997.0, 0
16.2, -42.1, 1362, 9, 2006, 9, 15, 288, 18, 55.0, 995.0, 0
17.0, -43.3, 1362, 9, 2006, 9, 16, 289, 0, 60.0, 992.0, 0
17.7, -44.3, 1362, 9, 2006, 9, 16, 289, 6, 60.0, 990.0, 0
18.4, -45.3, 1362, 9, 2006, 9, 16, 289, 12, 65.0, 987.0, 0
18.9, -46.2, 1362, 9, 2006, 9, 16, 289, 18, 65.0, 986.0, 0
19.4, -47.1, 1362, 9, 2006, 9, 17, 290, 0, 70.0, 983.0, 0
19.9, -47.9, 1362, 9, 2006, 9, 17, 290, 6, 75.0, 979.0, 1
20.3, -48.4, 1362, 9, 2006, 9, 17, 290, 12, 80.0, 976.0, 1
20.8, -48.8, 1362, 9, 2006, 9, 17, 290, 18, 90.0, 970.0, 1
21.4, -49.1, 1362, 9, 2006, 9, 18, 291, 0, 100.0, 962.0, 2
22.0, -49.4, 1362, 9, 2006, 9, 18, 291, 6, 105.0, 955.0, 2
22.7, -49.7, 1362, 9, 2006, 9, 18, 291, 12, 105.0, 958.0, 2
23.6, -50.4, 1362, 9, 2006, 9, 18, 291, 18, 95.0, 962.0, 1
24.0, -51.0, 1362, 9, 2006, 9, 19, 292, 0, 95.0, 962.0, 1
24.3, -51.7, 1362, 9, 2006, 9, 19, 292, 6, 95.0, 960.0, 1
24.4, -52.5, 1362, 9, 2006, 9, 19, 292, 12, 95.0, 958.0, 1
24.4, -53.5, 1362, 9, 2006, 9, 19, 292, 18, 90.0, 956.0, 1
24.5, -54.4, 1362, 9, 2006, 9, 20, 293, 0, 90.0, 958.0, 1
24.9, -55.2, 1362, 9, 2006, 9, 20, 293, 6, 90.0, 958.0, 1
25.4, -56.0, 1362, 9, 2006, 9, 20, 293, 12, 90.0, 959.0, 1
25.9, -56.7, 1362, 9, 2006, 9, 20, 293, 18, 80.0, 960.0, 1
26.8, -57.0, 1362, 9, 2006, 9, 21, 294, 0, 80.0, 962.0, 1
27.8, -57.0, 1362, 9, 2006, 9, 21, 294, 6, 75.0, 964.0, 1
29.0, -57.0, 1362, 9, 2006, 9, 21, 294, 12, 75.0, 968.0, 1
30.2, -57.0, 1362, 9, 2006, 9, 21, 294, 18, 75.0, 970.0, 1
31.4, -56.6, 1362, 9, 2006, 9, 22, 295, 0, 75.0, 970.0, 1
32.5, -55.9, 1362, 9, 2006, 9, 22, 295, 6, 70.0, 970.0, 0
33.6, -55.1, 1362, 9, 2006, 9, 22, 295, 12, 70.0, 970.0, 0
34.9, -53.7, 1362, 9, 2006, 9, 22, 295, 18, 70.0, 968.0, 0
35.7, -51.7, 1362, 9, 2006, 9, 23, 296, 0, 75.0, 964.0, 1
36.4, -49.6, 1362, 9, 2006, 9, 23, 296, 6, 80.0, 962.0, 1
37.1, -47.5, 1362, 9, 2006, 9, 23, 296, 12, 80.0, 962.0, 1
37.7, -45.4, 1362, 9, 2006, 9, 23, 296, 18, 75.0, 963.0, 1
38.6, -43.2, 1362, 9, 2006, 9, 24, 297, 0, 70.0, 964.0, 0
39.5, -40.9, 1362, 9, 2006, 9, 24, 297, 6, 65.0, 964.0, 0
40.6, -38.2, 1362, 9, 2006, 9, 24, 297, 12, 65.0, 964.0, 0
42.0, -35.9, 1362, 9, 2006, 9, 24, 297, 18, 65.0, 964.0, 0
43.2, -34.7, 1362, 9, 2006, 9, 25, 298, 0, 65.0, 964.0, 0
44.1, -33.3, 1362, 9, 2006, 9, 25, 298, 6, 65.0, 966.0, 0
44.7, -31.7, 1362, 9, 2006, 9, 25, 298, 12, 60.0, 968.0, 0
44.9, -29.8, 1362, 9, 2006, 9, 25, 298, 18, 55.0, 972.0, 0
45.0, -27.6, 1362, 9, 2006, 9, 26, 299, 0, 50.0, 977.0, 0
45.5, -25.2, 1362, 9, 2006, 9, 26, 299, 6, 50.0, 980.0, 0
46.0, -22.7, 1362, 9, 2006, 9, 26, 299, 12, 50.0, 984.0, 0
47.2, -20.1, 1362, 9, 2006, 9, 26, 299, 18, 45.0, 986.0, 0
49.0, -17.0, 1362, 9, 2006, 9, 27, 300, 0, 45.0, 988.0, 0
51.3, -13.3, 1362, 9, 2006, 9, 27, 300, 6, 45.0, 988.0, 0
53.9, -10.1, 1362, 9, 2006, 9, 27, 300, 12, 40.0, 988.0, 0
56.3, -7.6, 1362, 9, 2006, 9, 27, 300, 18, 40.0, 988.0, 0
26.1, -52.6, 1363, 10, 2006, 9, 27, 300, 18, 30.0, 1012.0, 0
26.8, -53.4, 1363, 10, 2006, 9, 28, 301, 0, 30.0, 1012.0, 0
27.4, -54.0, 1363, 10, 2006, 9, 28, 301, 6, 35.0, 1008.0, 0
28.0, -54.4, 1363, 10, 2006, 9, 28, 301, 12, 40.0, 1006.0, 0
28.6, -54.6, 1363, 10, 2006, 9, 28, 301, 18, 40.0, 1006.0, 0
28.9, -54.9, 1363, 10, 2006, 9, 29, 302, 0, 40.0, 1006.0, 0
29.0, -55.4, 1363, 10, 2006, 9, 29, 302, 6, 40.0, 1006.0, 0
29.2, -55.8, 1363, 10, 2006, 9, 29, 302, 12, 45.0, 1003.0, 0
29.5, -56.5, 1363, 10, 2006, 9, 29, 302, 18, 50.0, 1000.0, 0
29.8, -57.1, 1363, 10, 2006, 9, 30, 303, 0, 60.0, 997.0, 0
30.1, -57.7, 1363, 10, 2006, 9, 30, 303, 6, 60.0, 995.0, 0
30.6, -58.5, 1363, 10, 2006, 9, 30, 303, 12, 65.0, 992.0, 0
31.3, -59.2, 1363, 10, 2006, 9, 30, 303, 18, 70.0, 989.0, 0
32.0, -59.8, 1363, 10, 2006, 10, 1, 305, 0, 75.0, 987.0, 1
32.8, -60.2, 1363, 10, 2006, 10, 1, 305, 6, 75.0, 985.0, 1
33.8, -60.3, 1363, 10, 2006, 10, 1, 305, 12, 70.0, 986.0, 0
35.2, -60.3, 1363, 10, 2006, 10, 1, 305, 18, 70.0, 987.0, 0
37.2, -59.6, 1363, 10, 2006, 10, 2, 306, 0, 65.0, 988.0, 0
39.8, -58.0, 1363, 10, 2006, 10, 2, 306, 6, 65.0, 989.0, 0
42.5, -56.2, 1363, 10, 2006, 10, 2, 306, 12, 60.0, 990.0, 0
45.5, -53.7, 1363, 10, 2006, 10, 2, 306, 18, 55.0, 995.0, 0
47.6, -51.0, 1363, 10, 2006, 10, 3, 307, 0, 55.0, 996.0, 0
48.6, -49.0, 1363, 10, 2006, 10, 3, 307, 6, 45.0, 998.0, 0
49.5, -47.0, 1363, 10, 2006, 10, 3, 307, 12, 35.0, 1000.0, 0
